size_bytes	path
552170085	data/MATR/test1_1000.pkl
513646601	data/MATR/test2_1000.pkl
526487763	data/MATR/train_1000.pkl
39061718	data/NASA_randomwalk/R/RW10.Rda
40136616	data/NASA_randomwalk/R/RW11.Rda
40570683	data/NASA_randomwalk/R/RW12.Rda
39220156	data/NASA_randomwalk/R/RW9.Rda
86478157	data/NASA_randomwalk/RW10.mat
88524843	data/NASA_randomwalk/RW11.mat
90213262	data/NASA_randomwalk/RW12.mat
87517151	data/NASA_randomwalk/RW9.mat
101414964	data/NMC/Cycling_json/Cycling_json/Release 1.0/G22C2.json
101427632	data/NMC/Cycling_json/Cycling_json/Release 1.0/G20C2.json
107906693	data/NMC/Cycling_json/Cycling_json/Release 1.0/G64C3.json
109306293	data/NMC/Cycling_json/Cycling_json/Release 1.0/G5C4.json
1125136975	data/NMC/Cycling_json/Cycling_json/Release 2.0/G26C3.json
113005923	data/NMC/Cycling_json/Cycling_json/Release 1.0/G22C4.json
113616419	data/NMC/Cycling_json/Cycling_json/Release 1.0/G12C2.json
114133405	data/NMC/Cycling_json/Cycling_json/Release 1.0/G24C3.json
114924991	data/NMC/Cycling_json/Cycling_json/Release 1.0/G28C4.json
117104731	data/NMC/Cycling_json/Cycling_json/Release 1.0/G22C1.json
11803644	data/NMC/Cycling_json/Cycling_json/Release 1.0/G11C1.json
119116872	data/NMC/Cycling_json/Cycling_json/Release 1.0/G19C2.json
119656376	data/NMC/Cycling_json/Cycling_json/Release 1.0/G64C1.json
120501993	data/NMC/Cycling_json/Cycling_json/Release 1.0/G30C4.json
121789951	data/NMC/Cycling_json/Cycling_json/Release 1.0/G24C4.json
124208124	data/NMC/Cycling_json/Cycling_json/Release 1.0/G38C2.json
125119925	data/NMC/Cycling_json/Cycling_json/Release 1.0/G21C1.json
125655775	data/NMC/Cycling_json/Cycling_json/Release 1.0/G24C1.json
126111097	data/NMC/Cycling_json/Cycling_json/Release 1.0/G23C3.json
130725237	data/NMC/Cycling_json/Cycling_json/Release 1.0/G35C4.json
131752093	data/NMC/Cycling_json/Cycling_json/Release 1.0/G61C3.json
132055525	data/NMC/Cycling_json/Cycling_json/Release 1.0/G64C2.json
133679931	data/NMC/Cycling_json/Cycling_json/Release 1.0/G28C1.json
135243407	data/NMC/Cycling_json/Cycling_json/Release 1.0/G63C1.json
135246818	data/NMC/Cycling_json/Cycling_json/Release 1.0/G21C4.json
136073573	data/NMC/Cycling_json/Cycling_json/Release 1.0/G22C3.json
137047285	data/NMC/Cycling_json/Cycling_json/Release 1.0/G19C1.json
137484021	data/NMC/Cycling_json/Cycling_json/Release 1.0/G23C1.json
138982812	data/NMC/Cycling_json/Cycling_json/Release 1.0/G24C2.json
140139687	data/NMC/Cycling_json/Cycling_json/Release 1.0/G63C2.json
143447006	data/NMC/Cycling_json/Cycling_json/Release 1.0/G21C3.json
147737160	data/NMC/Cycling_json/Cycling_json/Release 1.0/G23C4.json
147766778	data/NMC/Cycling_json/Cycling_json/Release 1.0/G25C1.json
147810460	data/NMC/Cycling_json/Cycling_json/Release 1.0/G23C2.json
149857090	data/NMC/Cycling_json/Cycling_json/Release 1.0/G38C1.json
150467202	data/NMC/Cycling_json/Cycling_json/Release 1.0/G19C3.json
150567296	data/NMC/Cycling_json/Cycling_json/Release 1.0/G39C2.json
150936003	data/NMC/Cycling_json/Cycling_json/Release 1.0/G39C1.json
152141963	data/NMC/Cycling_json/Cycling_json/Release 1.0/G39C3.json
152699012	data/NMC/Cycling_json/Cycling_json/Release 1.0/G35C3.json
152817133	data/NMC/Cycling_json/Cycling_json/Release 1.0/G48C1.json
155881921	data/NMC/Cycling_json/Cycling_json/Release 1.0/G5C1.json
157623540	data/NMC/Cycling_json/Cycling_json/Release 1.0/G30C1.json
157936783	data/NMC/Cycling_json/Cycling_json/Release 1.0/G25C2.json
161728923	data/NMC/Cycling_json/Cycling_json/Release 1.0/G62C4.json
162146663	data/NMC/Cycling_json/Cycling_json/Release 1.0/G37C4.json
163359270	data/NMC/Cycling_json/Cycling_json/Release 1.0/G30C2.json
163874453	data/NMC/Cycling_json/Cycling_json/Release 1.0/G48C4.json
164033548	data/NMC/Cycling_json/Cycling_json/Release 1.0/G36C1.json
164391405	data/NMC/Cycling_json/Cycling_json/Release 1.0/G29C1.json
166267309	data/NMC/Cycling_json/Cycling_json/Release 1.0/G31C3.json
167771144	data/NMC/Cycling_json/Cycling_json/Release 1.0/G20C4.json
168216648	data/NMC/Cycling_json/Cycling_json/Release 1.0/G31C2.json
169037633	data/NMC/Cycling_json/Cycling_json/Release 1.0/G28C3.json
169039332	data/NMC/Cycling_json/Cycling_json/Release 1.0/G28C2.json
169302184	data/NMC/Cycling_json/Cycling_json/Release 1.0/G17C4.json
169533253	data/NMC/Cycling_json/Cycling_json/Release 1.0/G20C3.json
171806062	data/NMC/Cycling_json/Cycling_json/Release 1.0/G31C4.json
173059668	data/NMC/Cycling_json/Cycling_json/Release 1.0/G60C2.json
173065741	data/NMC/Cycling_json/Cycling_json/Release 1.0/G48C2.json
173386493	data/NMC/Cycling_json/Cycling_json/Release 1.0/G46C3.json
175153827	data/NMC/Cycling_json/Cycling_json/Release 1.0/G29C4.json
175471911	data/NMC/Cycling_json/Cycling_json/Release 1.0/G60C3.json
178638543	data/NMC/Cycling_json/Cycling_json/Release 1.0/G31C1.json
179648147	data/NMC/Cycling_json/Cycling_json/Release 1.0/G21C2.json
179981221	data/NMC/Cycling_json/Cycling_json/Release 1.0/G8C1.json
180953124	data/NMC/Cycling_json/Cycling_json/Release 1.0/G51C3.json
181440448	data/NMC/Cycling_json/Cycling_json/Release 1.0/G38C3.json
184388774	data/NMC/Cycling_json/Cycling_json/Release 1.0/G47C1.json
184649198	data/NMC/Cycling_json/Cycling_json/Release 1.0/G47C4.json
184886601	data/NMC/Cycling_json/Cycling_json/Release 1.0/G5C3.json
184984548	data/NMC/Cycling_json/Cycling_json/Release 1.0/G45C4.json
185268462	data/NMC/Cycling_json/Cycling_json/Release 1.0/G45C1.json
185513601	data/NMC/Cycling_json/Cycling_json/Release 1.0/G37C3.json
185592953	data/NMC/Cycling_json/Cycling_json/Release 1.0/G51C1.json
186612778	data/NMC/Cycling_json/Cycling_json/Release 1.0/G13C3.json
186773044	data/NMC/Cycling_json/Cycling_json/Release 1.0/G13C4.json
187227460	data/NMC/Cycling_json/Cycling_json/Release 1.0/G39C4.json
187228357	data/NMC/Cycling_json/Cycling_json/Release 1.0/G13C1.json
188343023	data/NMC/Cycling_json/Cycling_json/Release 1.0/G36C2.json
189694064	data/NMC/Cycling_json/Cycling_json/Release 1.0/G27C3.json
190560332	data/NMC/Cycling_json/Cycling_json/Release 1.0/G48C3.json
191789754	data/NMC/Cycling_json/Cycling_json/Release 1.0/G51C2.json
192137623	data/NMC/Cycling_json/Cycling_json/Release 1.0/G16C2.json
192189341	data/NMC/Cycling_json/Cycling_json/Release 1.0/G37C2.json
192984685	data/NMC/Cycling_json/Cycling_json/Release 1.0/G16C1.json
193704378	data/NMC/Cycling_json/Cycling_json/Release 1.0/G47C3.json
196659733	data/NMC/Cycling_json/Cycling_json/Release 1.0/G51C4.json
198179023	data/NMC/Cycling_json/Cycling_json/Release 1.0/G17C2.json
200234890	data/NMC/Cycling_json/Cycling_json/Release 1.0/G53C4.json
200271924	data/NMC/Cycling_json/Cycling_json/Release 1.0/G44C1.json
201015875	data/NMC/Cycling_json/Cycling_json/Release 1.0/G60C4.json
201517018	data/NMC/Cycling_json/Cycling_json/Release 1.0/G16C3.json
204371031	data/NMC/Cycling_json/Cycling_json/Release 1.0/G16C4.json
206177739	data/NMC/Cycling_json/Cycling_json/Release 1.0/G12C3.json
206969792	data/NMC/Cycling_json/Cycling_json/Release 1.0/G8C2.json
208532335	data/NMC/Cycling_json/Cycling_json/Release 1.0/G46C2.json
210389454	data/NMC/Cycling_json/Cycling_json/Release 1.0/G10C3.json
210475325	data/NMC/Cycling_json/Cycling_json/Release 1.0/G10C1.json
210799712	data/NMC/Cycling_json/Cycling_json/Release 1.0/G36C3.json
212948906	data/NMC/Cycling_json/Cycling_json/Release 1.0/G3C2.json
213164754	data/NMC/Cycling_json/Cycling_json/Release 1.0/G46C1.json
213706885	data/NMC/Cycling_json/Cycling_json/Release 1.0/G45C2.json
213731896	data/NMC/Cycling_json/Cycling_json/Release 1.0/G3C4.json
213772831	data/NMC/Cycling_json/Cycling_json/Release 1.0/G17C1.json
214007288	data/NMC/Cycling_json/Cycling_json/Release 1.0/G45C3.json
215541437	data/NMC/Cycling_json/Cycling_json/Release 1.0/G29C3.json
218877488	data/NMC/Cycling_json/Cycling_json/Release 1.0/G46C4.json
219873594	data/NMC/Cycling_json/Cycling_json/Release 1.0/G5C2.json
220435471	data/NMC/Cycling_json/Cycling_json/Release 1.0/G33C4.json
220499150	data/NMC/Cycling_json/Cycling_json/Release 1.0/G63C3.json
221068789	data/NMC/Cycling_json/Cycling_json/Release 1.0/G17C3.json
224375244	data/NMC/Cycling_json/Cycling_json/Release 1.0/G38C4.json
224565566	data/NMC/Cycling_json/Cycling_json/Release 1.0/G12C1.json
226821095	data/NMC/Cycling_json/Cycling_json/Release 1.0/G52C3.json
227240755	data/NMC/Cycling_json/Cycling_json/Release 1.0/G32C2.json
228619997	data/NMC/Cycling_json/Cycling_json/Release 1.0/G37C1.json
23149449	data/NMC/Cycling_json/Cycling_json/Release 1.0/G14C4.json
232335946	data/NMC/Cycling_json/Cycling_json/Release 1.0/G30C3.json
233591342	data/NMC/Cycling_json/Cycling_json/Release 1.0/G62C2.json
234291489	data/NMC/Cycling_json/Cycling_json/Release 1.0/G33C2.json
235727828	data/NMC/Cycling_json/Cycling_json/Release 1.0/G32C4.json
236042872	data/NMC/Cycling_json/Cycling_json/Release 1.0/G52C2.json
236383335	data/NMC/Cycling_json/Cycling_json/Release 1.0/G60C1.json
237695847	data/NMC/Cycling_json/Cycling_json/Release 1.0/G35C1.json
237858835	data/NMC/Cycling_json/Cycling_json/Release 1.0/G10C2.json
24781323	data/NMC/Cycling_json/Cycling_json/Release 1.0/G14C3.json
248166983	data/NMC/Cycling_json/Cycling_json/Release 1.0/G4C4.json
248709627	data/NMC/Cycling_json/Cycling_json/Release 1.0/G18C4.json
253084669	data/NMC/Cycling_json/Cycling_json/Release 1.0/G25C3.json
255674345	data/NMC/Cycling_json/Cycling_json/Release 1.0/G47C2.json
255849484	data/NMC/Cycling_json/Cycling_json/Release 1.0/G62C3.json
256012779	data/NMC/Cycling_json/Cycling_json/Release 1.0/G52C4.json
259457218	data/NMC/Cycling_json/Cycling_json/Release 1.0/G64C4.json
264664981	data/NMC/Cycling_json/Cycling_json/Release 1.0/G32C3.json
270723988	data/NMC/Cycling_json/Cycling_json/Release 1.0/G56C3.json
272284180	data/NMC/Cycling_json/Cycling_json/Release 1.0/G61C4.json
272285972	data/NMC/Cycling_json/Cycling_json/Release 1.0/G33C1.json
273880066	data/NMC/Cycling_json/Cycling_json/Release 1.0/G61C2.json
274454548	data/NMC/Cycling_json/Cycling_json/Release 1.0/G63C4.json
274553907	data/NMC/Cycling_json/Cycling_json/Release 1.0/G18C2.json
282838208	data/NMC/Cycling_json/Cycling_json/Release 1.0/G33C3.json
284047294	data/NMC/Cycling_json/Cycling_json/Release 1.0/G29C2.json
285533361	data/NMC/Cycling_json/Cycling_json/Release 1.0/G18C3.json
287226429	data/NMC/Cycling_json/Cycling_json/Release 1.0/G62C1.json
287743506	data/NMC/Cycling_json/Cycling_json/Release 1.0/G55C3.json
288430271	data/NMC/Cycling_json/Cycling_json/Release 1.0/G52C1.json
288956812	data/NMC/Cycling_json/Cycling_json/Release 1.0/G58C2.json
295141106	data/NMC/Cycling_json/Cycling_json/Release 1.0/G41C2.json
295764658	data/NMC/Cycling_json/Cycling_json/Release 1.0/G32C1.json
295991519	data/NMC/Cycling_json/Cycling_json/Release 1.0/G2C1.json
297515468	data/NMC/Cycling_json/Cycling_json/Release 1.0/G44C4.json
301774250	data/NMC/Cycling_json/Cycling_json/Release 1.0/G7C2.json
303748427	data/NMC/Cycling_json/Cycling_json/Release 1.0/G7C1.json
305364320	data/NMC/Cycling_json/Cycling_json/Release 1.0/G27C1.json
306265380	data/NMC/Cycling_json/Cycling_json/Release 1.0/G13C2.json
308485134	data/NMC/Cycling_json/Cycling_json/Release 1.0/G4C2.json
309289347	data/NMC/Cycling_json/Cycling_json/Release 1.0/G4C1.json
313520809	data/NMC/Cycling_json/Cycling_json/Release 1.0/G55C2.json
313796668	data/NMC/Cycling_json/Cycling_json/Release 1.0/G44C2.json
319275142	data/NMC/Cycling_json/Cycling_json/Release 1.0/G50C2.json
320928891	data/NMC/Cycling_json/Cycling_json/Release 1.0/G55C4.json
322615045	data/NMC/Cycling_json/Cycling_json/Release 1.0/G44C3.json
324192726	data/NMC/Cycling_json/Cycling_json/Release 1.0/G3C3.json
325323102	data/NMC/Cycling_json/Cycling_json/Release 1.0/G27C4.json
326339103	data/NMC/Cycling_json/Cycling_json/Release 1.0/G2C3.json
328929302	data/NMC/Cycling_json/Cycling_json/Release 1.0/G55C1.json
332768398	data/NMC/Cycling_json/Cycling_json/Release 1.0/G2C4.json
335344212	data/NMC/Cycling_json/Cycling_json/Release 1.0/G56C4.json
335508270	data/NMC/Cycling_json/Cycling_json/Release 1.0/G8C4.json
335640253	data/NMC/Cycling_json/Cycling_json/Release 1.0/G58C3.json
335780549	data/NMC/Cycling_json/Cycling_json/Release 1.0/G2C2.json
336095751	data/NMC/Cycling_json/Cycling_json/Release 1.0/G34C3.json
337239007	data/NMC/Cycling_json/Cycling_json/Release 1.0/G58C4.json
340602953	data/NMC/Cycling_json/Cycling_json/Release 1.0/G54C4.json
34498801	data/NMC/Cycling_json/Cycling_json/Release 1.0/G14C2.json
345868192	data/NMC/Cycling_json/Cycling_json/Release 1.0/G27C2.json
347420703	data/NMC/Cycling_json/Cycling_json/Release 1.0/G12C4.json
35493290	data/NMC/Cycling_json/Cycling_json/Release 1.0/G11C4.json
35595317	data/NMC/Cycling_json/Cycling_json/Release 1.0/G11C2.json
357289131	data/NMC/Cycling_json/Cycling_json/Release 1.0/G59C3.json
359367024	data/NMC/Cycling_json/Cycling_json/Release 1.0/G34C4.json
360027025	data/NMC/Cycling_json/Cycling_json/Release 1.0/G4C3.json
360309106	data/NMC/Cycling_json/Cycling_json/Release 1.0/G7C4.json
361070428	data/NMC/Cycling_json/Cycling_json/Release 1.0/G3C1.json
36215760	data/NMC/Cycling_json/Cycling_json/Release 1.0/G11C3.json
363377259	data/NMC/Cycling_json/Cycling_json/Release 1.0/G34C2.json
364703695	data/NMC/Cycling_json/Cycling_json/Release 1.0/G56C2.json
367871883	data/NMC/Cycling_json/Cycling_json/Release 1.0/G10C4.json
373657987	data/NMC/Cycling_json/Cycling_json/Release 1.0/G1C4.json
375184901	data/NMC/Cycling_json/Cycling_json/Release 1.0/G8C3.json
375478290	data/NMC/Cycling_json/Cycling_json/Release 1.0/G34C1.json
377107493	data/NMC/Cycling_json/Cycling_json/Release 1.0/G54C1.json
377165877	data/NMC/Cycling_json/Cycling_json/Release 1.0/G40C3.json
382632810	data/NMC/Cycling_json/Cycling_json/Release 1.0/G43C2.json
386071105	data/NMC/Cycling_json/Cycling_json/Release 1.0/G56C1.json
387847184	data/NMC/Cycling_json/Cycling_json/Release 1.0/G42C3.json
394957649	data/NMC/Cycling_json/Cycling_json/Release 2.0/G50C1.json
395063928	data/NMC/Cycling_json/Cycling_json/Release 1.0/G54C3.json
404390017	data/NMC/Cycling_json/Cycling_json/Release 2.0/G50C4.json
408005744	data/NMC/Cycling_json/Cycling_json/Release 2.0/G58C1.json
411947903	data/NMC/Cycling_json/Cycling_json/Release 2.0/G49C1.json
416299746	data/NMC/Cycling_json/Cycling_json/Release 2.0/G49C4.json
416714265	data/NMC/Cycling_json/Cycling_json/Release 2.0/G49C3.json
417168710	data/NMC/Cycling_json/Cycling_json/Release 1.0/G43C4.json
417199976	data/NMC/Cycling_json/Cycling_json/Release 2.0/G49C2.json
421685533	data/NMC/Cycling_json/Cycling_json/Release 1.0/G41C3.json
422486328	data/NMC/Cycling_json/Cycling_json/Release 1.0/G40C2.json
425510878	data/NMC/Cycling_json/Cycling_json/Release 1.0/G54C2.json
428622262	data/NMC/Cycling_json/Cycling_json/Release 2.0/G50C3.json
433841394	data/NMC/Cycling_json/Cycling_json/Release 1.0/G59C4.json
434560689	data/NMC/Cycling_json/Cycling_json/Release 1.0/G26C1.json
436014108	data/NMC/Cycling_json/Cycling_json/Release 1.0/G41C4.json
441013718	data/NMC/Cycling_json/Cycling_json/Release 1.0/G6C1.json
442696816	data/NMC/Cycling_json/Cycling_json/Release 1.0/G42C1.json
442850646	data/NMC/Cycling_json/Cycling_json/Release 1.0/G59C2.json
446739005	data/NMC/Cycling_json/Cycling_json/Release 2.0/G57C2.json
447070581	data/NMC/Cycling_json/Cycling_json/Release 2.0/G57C4.json
447236564	data/NMC/Cycling_json/Cycling_json/Release 2.0/G57C1.json
449820276	data/NMC/Cycling_json/Cycling_json/Release 2.0/G57C3.json
455304472	data/NMC/Cycling_json/Cycling_json/Release 1.0/G59C1.json
458050177	data/NMC/Cycling_json/Cycling_json/Release 1.0/G40C1.json
473008182	data/NMC/Cycling_json/Cycling_json/Release 1.0/G43C3.json
473576311	data/NMC/Cycling_json/Cycling_json/Release 1.0/G42C4.json
475941589	data/NMC/Cycling_json/Cycling_json/Release 1.0/G40C4.json
481717463	data/NMC/Cycling_json/Cycling_json/Release 1.0/G42C2.json
489681451	data/NMC/Cycling_json/Cycling_json/Release 1.0/G41C1.json
498514349	data/NMC/Cycling_json/Cycling_json/Release 1.0/G43C1.json
523268290	data/NMC/Cycling_json/Cycling_json/Release 1.0/G25C4.json
59796774	data/NMC/Cycling_json/Cycling_json/Release 1.0/G14C1.json
60011035	data/NMC/Cycling_json/Cycling_json/Release 1.0/G53C1.json
616108300	data/NMC/Cycling_json/Cycling_json/Release 1.0/G26C4.json
62093346	data/NMC/Cycling_json/Cycling_json/Release 1.0/G19C4.json
644143703	data/NMC/Cycling_json/Cycling_json/Release 1.0/G1C1.json
680824350	data/NMC/Cycling_json/Cycling_json/Release 1.0/G6C4.json
71057605	data/NMC/Cycling_json/Cycling_json/Release 1.0/G53C2.json
71343344	data/NMC/Cycling_json/Cycling_json/Release 1.0/G9C1.json
714702813	data/NMC/Cycling_json/Cycling_json/Release 1.0/G6C2.json
72109115	data/NMC/Cycling_json/Cycling_json/Release 1.0/G9C2.json
72222352	data/NMC/Cycling_json/Cycling_json/Release 1.0/G53C3.json
727881051	data/NMC/Cycling_json/Cycling_json/Release 1.0/G1C2.json
757967779	data/NMC/Cycling_json/Cycling_json/Release 1.0/G26C2.json
774621068	data/NMC/Cycling_json/Cycling_json/Release 1.0/G7C3.json
78463787	data/NMC/Cycling_json/Cycling_json/Release 1.0/G9C4.json
795696930	data/NMC/Cycling_json/Cycling_json/Release 1.0/G1C3.json
864244029	data/NMC/Cycling_json/Cycling_json/Release 1.0/G18C1.json
88757778	data/NMC/Cycling_json/Cycling_json/Release 1.0/G36C4.json
90164290	data/NMC/Cycling_json/Cycling_json/Release 1.0/G20C1.json
90994449	data/NMC/Cycling_json/Cycling_json/Release 1.0/G9C3.json
94476289	data/NMC/Cycling_json/Cycling_json/Release 1.0/G35C2.json
953476621	data/NMC/Cycling_json/Cycling_json/Release 1.0/G6C3.json
1037965	data/NMC/Q_interpolated/Q_interpolated/Release 1.0/G1C1.csv
1140033	data/NMC/Q_interpolated/Q_interpolated/Release 1.0/G6C2.csv
1140635	data/NMC/Q_interpolated/Q_interpolated/Release 1.0/G6C4.csv
120471	data/NMC/Q_interpolated/Q_interpolated/Release 1.0/G9C4.csv
120531	data/NMC/Q_interpolated/Q_interpolated/Release 1.0/G14C1.csv
120568	data/NMC/Q_interpolated/Q_interpolated/Release 1.0/G19C4.csv
1238406	data/NMC/Q_interpolated/Q_interpolated/Release 1.0/G1C2.csv
1262385	data/NMC/Q_interpolated/Q_interpolated/Release 1.0/G7C3.csv
1279087	data/NMC/Q_interpolated/Q_interpolated/Release 2.0/G26C3.csv
1358467	data/NMC/Q_interpolated/Q_interpolated/Release 1.0/G1C3.csv
140379	data/NMC/Q_interpolated/Q_interpolated/Release 1.0/G9C2.csv
140472	data/NMC/Q_interpolated/Q_interpolated/Release 1.0/G9C1.csv
140891	data/NMC/Q_interpolated/Q_interpolated/Release 1.0/G53C1.csv
1461781	data/NMC/Q_interpolated/Q_interpolated/Release 1.0/G18C1.csv
159982	data/NMC/Q_interpolated/Q_interpolated/Release 1.0/G9C3.csv
1602215	data/NMC/Q_interpolated/Q_interpolated/Release 1.0/G6C3.csv
161033	data/NMC/Q_interpolated/Q_interpolated/Release 1.0/G53C2.csv
161427	data/NMC/Q_interpolated/Q_interpolated/Release 1.0/G53C3.csv
180582	data/NMC/Q_interpolated/Q_interpolated/Release 1.0/G36C4.csv
181089	data/NMC/Q_interpolated/Q_interpolated/Release 1.0/G20C1.csv
181324	data/NMC/Q_interpolated/Q_interpolated/Release 1.0/G22C2.csv
199971	data/NMC/Q_interpolated/Q_interpolated/Release 1.0/G12C2.csv
200187	data/NMC/Q_interpolated/Q_interpolated/Release 1.0/G35C2.csv
200527	data/NMC/Q_interpolated/Q_interpolated/Release 1.0/G19C2.csv
200691	data/NMC/Q_interpolated/Q_interpolated/Release 1.0/G5C4.csv
200838	data/NMC/Q_interpolated/Q_interpolated/Release 1.0/G20C2.csv
201740	data/NMC/Q_interpolated/Q_interpolated/Release 1.0/G28C4.csv
220140	data/NMC/Q_interpolated/Q_interpolated/Release 1.0/G61C3.csv
220194	data/NMC/Q_interpolated/Q_interpolated/Release 1.0/G64C3.csv
220299	data/NMC/Q_interpolated/Q_interpolated/Release 1.0/G64C1.csv
220636	data/NMC/Q_interpolated/Q_interpolated/Release 1.0/G64C2.csv
220740	data/NMC/Q_interpolated/Q_interpolated/Release 1.0/G22C4.csv
221354	data/NMC/Q_interpolated/Q_interpolated/Release 1.0/G24C3.csv
240243	data/NMC/Q_interpolated/Q_interpolated/Release 1.0/G38C2.csv
240348	data/NMC/Q_interpolated/Q_interpolated/Release 1.0/G62C4.csv
240515	data/NMC/Q_interpolated/Q_interpolated/Release 1.0/G19C1.csv
240580	data/NMC/Q_interpolated/Q_interpolated/Release 1.0/G63C2.csv
240652	data/NMC/Q_interpolated/Q_interpolated/Release 1.0/G63C1.csv
240844	data/NMC/Q_interpolated/Q_interpolated/Release 1.0/G22C1.csv
240973	data/NMC/Q_interpolated/Q_interpolated/Release 1.0/G21C1.csv
241173	data/NMC/Q_interpolated/Q_interpolated/Release 1.0/G23C3.csv
241356	data/NMC/Q_interpolated/Q_interpolated/Release 1.0/G24C1.csv
241369	data/NMC/Q_interpolated/Q_interpolated/Release 1.0/G24C4.csv
241650	data/NMC/Q_interpolated/Q_interpolated/Release 1.0/G28C1.csv
259976	data/NMC/Q_interpolated/Q_interpolated/Release 1.0/G30C4.csv
260333	data/NMC/Q_interpolated/Q_interpolated/Release 1.0/G48C1.csv
260412	data/NMC/Q_interpolated/Q_interpolated/Release 1.0/G19C3.csv
260504	data/NMC/Q_interpolated/Q_interpolated/Release 1.0/G35C4.csv
260692	data/NMC/Q_interpolated/Q_interpolated/Release 1.0/G46C3.csv
260797	data/NMC/Q_interpolated/Q_interpolated/Release 1.0/G48C4.csv
261045	data/NMC/Q_interpolated/Q_interpolated/Release 1.0/G21C4.csv
261061	data/NMC/Q_interpolated/Q_interpolated/Release 1.0/G23C1.csv
261142	data/NMC/Q_interpolated/Q_interpolated/Release 1.0/G22C3.csv
280376	data/NMC/Q_interpolated/Q_interpolated/Release 1.0/G5C1.csv
280500	data/NMC/Q_interpolated/Q_interpolated/Release 1.0/G48C2.csv
280767	data/NMC/Q_interpolated/Q_interpolated/Release 1.0/G25C1.csv
280986	data/NMC/Q_interpolated/Q_interpolated/Release 1.0/G29C1.csv
281028	data/NMC/Q_interpolated/Q_interpolated/Release 1.0/G24C2.csv
281103	data/NMC/Q_interpolated/Q_interpolated/Release 1.0/G23C4.csv
281153	data/NMC/Q_interpolated/Q_interpolated/Release 1.0/G21C3.csv
281172	data/NMC/Q_interpolated/Q_interpolated/Release 1.0/G23C2.csv
281511	data/NMC/Q_interpolated/Q_interpolated/Release 1.0/G38C1.csv
299372	data/NMC/Q_interpolated/Q_interpolated/Release 1.0/G17C4.csv
299697	data/NMC/Q_interpolated/Q_interpolated/Release 1.0/G37C4.csv
300015	data/NMC/Q_interpolated/Q_interpolated/Release 1.0/G39C2.csv
300110	data/NMC/Q_interpolated/Q_interpolated/Release 1.0/G39C1.csv
300164	data/NMC/Q_interpolated/Q_interpolated/Release 1.0/G39C3.csv
300187	data/NMC/Q_interpolated/Q_interpolated/Release 1.0/G47C4.csv
300415	data/NMC/Q_interpolated/Q_interpolated/Release 1.0/G51C3.csv
300424	data/NMC/Q_interpolated/Q_interpolated/Release 1.0/G8C1.csv
300513	data/NMC/Q_interpolated/Q_interpolated/Release 1.0/G47C1.csv
300520	data/NMC/Q_interpolated/Q_interpolated/Release 1.0/G45C4.csv
300610	data/NMC/Q_interpolated/Q_interpolated/Release 1.0/G29C4.csv
300668	data/NMC/Q_interpolated/Q_interpolated/Release 1.0/G60C3.csv
300744	data/NMC/Q_interpolated/Q_interpolated/Release 1.0/G45C1.csv
300776	data/NMC/Q_interpolated/Q_interpolated/Release 1.0/G25C2.csv
300913	data/NMC/Q_interpolated/Q_interpolated/Release 1.0/G27C3.csv
301018	data/NMC/Q_interpolated/Q_interpolated/Release 1.0/G35C3.csv
301348	data/NMC/Q_interpolated/Q_interpolated/Release 1.0/G28C2.csv
301712	data/NMC/Q_interpolated/Q_interpolated/Release 1.0/G28C3.csv
319884	data/NMC/Q_interpolated/Q_interpolated/Release 1.0/G47C3.csv
319999	data/NMC/Q_interpolated/Q_interpolated/Release 1.0/G31C2.csv
320018	data/NMC/Q_interpolated/Q_interpolated/Release 1.0/G31C3.csv
320159	data/NMC/Q_interpolated/Q_interpolated/Release 1.0/G48C3.csv
320160	data/NMC/Q_interpolated/Q_interpolated/Release 1.0/G31C4.csv
320192	data/NMC/Q_interpolated/Q_interpolated/Release 1.0/G13C4.csv
320208	data/NMC/Q_interpolated/Q_interpolated/Release 1.0/G13C3.csv
320225	data/NMC/Q_interpolated/Q_interpolated/Release 1.0/G13C1.csv
320248	data/NMC/Q_interpolated/Q_interpolated/Release 1.0/G46C2.csv
320382	data/NMC/Q_interpolated/Q_interpolated/Release 1.0/G30C1.csv
320420	data/NMC/Q_interpolated/Q_interpolated/Release 1.0/G62C2.csv
320425	data/NMC/Q_interpolated/Q_interpolated/Release 1.0/G60C2.csv
320487	data/NMC/Q_interpolated/Q_interpolated/Release 1.0/G51C1.csv
320501	data/NMC/Q_interpolated/Q_interpolated/Release 1.0/G46C4.csv
320659	data/NMC/Q_interpolated/Q_interpolated/Release 1.0/G36C1.csv
320671	data/NMC/Q_interpolated/Q_interpolated/Release 1.0/G46C1.csv
320779	data/NMC/Q_interpolated/Q_interpolated/Release 1.0/G45C3.csv
320844	data/NMC/Q_interpolated/Q_interpolated/Release 1.0/G20C4.csv
320912	data/NMC/Q_interpolated/Q_interpolated/Release 1.0/G5C3.csv
320956	data/NMC/Q_interpolated/Q_interpolated/Release 1.0/G45C2.csv
321095	data/NMC/Q_interpolated/Q_interpolated/Release 1.0/G20C3.csv
322298	data/NMC/Q_interpolated/Q_interpolated/Release 1.0/G5C2.csv
339186	data/NMC/Q_interpolated/Q_interpolated/Release 1.0/G17C2.csv
339566	data/NMC/Q_interpolated/Q_interpolated/Release 1.0/G12C3.csv
339592	data/NMC/Q_interpolated/Q_interpolated/Release 1.0/G16C4.csv
339660	data/NMC/Q_interpolated/Q_interpolated/Release 1.0/G16C2.csv
339930	data/NMC/Q_interpolated/Q_interpolated/Release 1.0/G10C3.csv
339986	data/NMC/Q_interpolated/Q_interpolated/Release 1.0/G16C3.csv
340000	data/NMC/Q_interpolated/Q_interpolated/Release 1.0/G30C2.csv
340007	data/NMC/Q_interpolated/Q_interpolated/Release 1.0/G10C1.csv
340119	data/NMC/Q_interpolated/Q_interpolated/Release 1.0/G8C2.csv
340366	data/NMC/Q_interpolated/Q_interpolated/Release 1.0/G51C4.csv
340458	data/NMC/Q_interpolated/Q_interpolated/Release 1.0/G51C2.csv
340489	data/NMC/Q_interpolated/Q_interpolated/Release 1.0/G60C4.csv
340503	data/NMC/Q_interpolated/Q_interpolated/Release 1.0/G16C1.csv
340650	data/NMC/Q_interpolated/Q_interpolated/Release 1.0/G38C3.csv
359674	data/NMC/Q_interpolated/Q_interpolated/Release 1.0/G44C1.csv
359969	data/NMC/Q_interpolated/Q_interpolated/Release 1.0/G37C3.csv
360389	data/NMC/Q_interpolated/Q_interpolated/Release 1.0/G31C1.csv
360681	data/NMC/Q_interpolated/Q_interpolated/Release 1.0/G39C4.csv
360681	data/NMC/Q_interpolated/Q_interpolated/Release 1.0/G62C3.csv
360776	data/NMC/Q_interpolated/Q_interpolated/Release 1.0/G29C3.csv
360843	data/NMC/Q_interpolated/Q_interpolated/Release 1.0/G63C3.csv
361106	data/NMC/Q_interpolated/Q_interpolated/Release 1.0/G36C2.csv
361294	data/NMC/Q_interpolated/Q_interpolated/Release 1.0/G21C2.csv
378856	data/NMC/Q_interpolated/Q_interpolated/Release 1.0/G17C3.csv
379479	data/NMC/Q_interpolated/Q_interpolated/Release 1.0/G12C1.csv
379501	data/NMC/Q_interpolated/Q_interpolated/Release 1.0/G3C4.csv
379684	data/NMC/Q_interpolated/Q_interpolated/Release 1.0/G3C2.csv
379692	data/NMC/Q_interpolated/Q_interpolated/Release 1.0/G17C1.csv
379812	data/NMC/Q_interpolated/Q_interpolated/Release 1.0/G37C2.csv
380569	data/NMC/Q_interpolated/Q_interpolated/Release 1.0/G55C3.csv
381401	data/NMC/Q_interpolated/Q_interpolated/Release 1.0/G53C4.csv
399319	data/NMC/Q_interpolated/Q_interpolated/Release 1.0/G33C4.csv
399510	data/NMC/Q_interpolated/Q_interpolated/Release 1.0/G10C2.csv
399551	data/NMC/Q_interpolated/Q_interpolated/Release 1.0/G32C2.csv
400150	data/NMC/Q_interpolated/Q_interpolated/Release 1.0/G60C1.csv
400190	data/NMC/Q_interpolated/Q_interpolated/Release 1.0/G61C4.csv
400373	data/NMC/Q_interpolated/Q_interpolated/Release 1.0/G61C2.csv
400505	data/NMC/Q_interpolated/Q_interpolated/Release 1.0/G38C4.csv
401687	data/NMC/Q_interpolated/Q_interpolated/Release 1.0/G36C3.csv
401730	data/NMC/Q_interpolated/Q_interpolated/Release 1.0/G64C4.csv
40706	data/NMC/Q_interpolated/Q_interpolated/Release 1.0/G11C1.csv
418818	data/NMC/Q_interpolated/Q_interpolated/Release 1.0/G4C4.csv
419474	data/NMC/Q_interpolated/Q_interpolated/Release 1.0/G18C4.csv
419708	data/NMC/Q_interpolated/Q_interpolated/Release 1.0/G32C4.csv
419943	data/NMC/Q_interpolated/Q_interpolated/Release 1.0/G33C2.csv
420045	data/NMC/Q_interpolated/Q_interpolated/Release 1.0/G47C2.csv
420255	data/NMC/Q_interpolated/Q_interpolated/Release 1.0/G55C2.csv
420500	data/NMC/Q_interpolated/Q_interpolated/Release 1.0/G52C3.csv
420555	data/NMC/Q_interpolated/Q_interpolated/Release 1.0/G55C1.csv
420656	data/NMC/Q_interpolated/Q_interpolated/Release 1.0/G52C2.csv
420701	data/NMC/Q_interpolated/Q_interpolated/Release 1.0/G55C4.csv
420926	data/NMC/Q_interpolated/Q_interpolated/Release 1.0/G62C1.csv
440979	data/NMC/Q_interpolated/Q_interpolated/Release 1.0/G35C1.csv
441082	data/NMC/Q_interpolated/Q_interpolated/Release 1.0/G41C2.csv
441640	data/NMC/Q_interpolated/Q_interpolated/Release 1.0/G37C1.csv
459215	data/NMC/Q_interpolated/Q_interpolated/Release 1.0/G18C2.csv
459217	data/NMC/Q_interpolated/Q_interpolated/Release 1.0/G18C3.csv
459499	data/NMC/Q_interpolated/Q_interpolated/Release 1.0/G32C3.csv
460131	data/NMC/Q_interpolated/Q_interpolated/Release 1.0/G56C3.csv
460169	data/NMC/Q_interpolated/Q_interpolated/Release 1.0/G52C4.csv
460460	data/NMC/Q_interpolated/Q_interpolated/Release 1.0/G30C3.csv
460807	data/NMC/Q_interpolated/Q_interpolated/Release 1.0/G63C4.csv
461103	data/NMC/Q_interpolated/Q_interpolated/Release 1.0/G29C2.csv
461464	data/NMC/Q_interpolated/Q_interpolated/Release 1.0/G27C1.csv
461478	data/NMC/Q_interpolated/Q_interpolated/Release 1.0/G27C2.csv
461627	data/NMC/Q_interpolated/Q_interpolated/Release 1.0/G25C3.csv
461680	data/NMC/Q_interpolated/Q_interpolated/Release 1.0/G27C4.csv
479408	data/NMC/Q_interpolated/Q_interpolated/Release 1.0/G7C2.csv
479886	data/NMC/Q_interpolated/Q_interpolated/Release 1.0/G33C1.csv
480003	data/NMC/Q_interpolated/Q_interpolated/Release 1.0/G42C3.csv
499467	data/NMC/Q_interpolated/Q_interpolated/Release 1.0/G50C2.csv
499477	data/NMC/Q_interpolated/Q_interpolated/Release 1.0/G32C1.csv
499869	data/NMC/Q_interpolated/Q_interpolated/Release 1.0/G43C2.csv
518902	data/NMC/Q_interpolated/Q_interpolated/Release 1.0/G4C1.csv
519045	data/NMC/Q_interpolated/Q_interpolated/Release 1.0/G2C1.csv
519186	data/NMC/Q_interpolated/Q_interpolated/Release 1.0/G33C3.csv
519327	data/NMC/Q_interpolated/Q_interpolated/Release 1.0/G59C3.csv
519527	data/NMC/Q_interpolated/Q_interpolated/Release 1.0/G34C3.csv
519529	data/NMC/Q_interpolated/Q_interpolated/Release 1.0/G44C4.csv
519848	data/NMC/Q_interpolated/Q_interpolated/Release 1.0/G7C1.csv
519985	data/NMC/Q_interpolated/Q_interpolated/Release 1.0/G13C2.csv
520424	data/NMC/Q_interpolated/Q_interpolated/Release 1.0/G52C1.csv
520519	data/NMC/Q_interpolated/Q_interpolated/Release 1.0/G58C2.csv
538926	data/NMC/Q_interpolated/Q_interpolated/Release 1.0/G4C2.csv
539103	data/NMC/Q_interpolated/Q_interpolated/Release 1.0/G44C2.csv
558494	data/NMC/Q_interpolated/Q_interpolated/Release 1.0/G54C4.csv
558954	data/NMC/Q_interpolated/Q_interpolated/Release 1.0/G3C3.csv
559090	data/NMC/Q_interpolated/Q_interpolated/Release 1.0/G2C4.csv
559358	data/NMC/Q_interpolated/Q_interpolated/Release 1.0/G2C3.csv
559476	data/NMC/Q_interpolated/Q_interpolated/Release 1.0/G12C4.csv
559942	data/NMC/Q_interpolated/Q_interpolated/Release 1.0/G43C4.csv
560100	data/NMC/Q_interpolated/Q_interpolated/Release 1.0/G8C4.csv
560642	data/NMC/Q_interpolated/Q_interpolated/Release 1.0/G26C1.csv
560848	data/NMC/Q_interpolated/Q_interpolated/Release 1.0/G56C4.csv
578532	data/NMC/Q_interpolated/Q_interpolated/Release 1.0/G44C3.csv
579115	data/NMC/Q_interpolated/Q_interpolated/Release 1.0/G2C2.csv
579463	data/NMC/Q_interpolated/Q_interpolated/Release 1.0/G34C2.csv
579539	data/NMC/Q_interpolated/Q_interpolated/Release 1.0/G34C1.csv
579815	data/NMC/Q_interpolated/Q_interpolated/Release 1.0/G42C1.csv
579823	data/NMC/Q_interpolated/Q_interpolated/Release 1.0/G34C4.csv
579887	data/NMC/Q_interpolated/Q_interpolated/Release 1.0/G42C2.csv
581949	data/NMC/Q_interpolated/Q_interpolated/Release 1.0/G41C3.csv
582248	data/NMC/Q_interpolated/Q_interpolated/Release 1.0/G41C4.csv
598390	data/NMC/Q_interpolated/Q_interpolated/Release 1.0/G4C3.csv
598598	data/NMC/Q_interpolated/Q_interpolated/Release 1.0/G54C1.csv
599336	data/NMC/Q_interpolated/Q_interpolated/Release 1.0/G7C4.csv
599796	data/NMC/Q_interpolated/Q_interpolated/Release 1.0/G59C4.csv
600048	data/NMC/Q_interpolated/Q_interpolated/Release 1.0/G58C3.csv
600332	data/NMC/Q_interpolated/Q_interpolated/Release 1.0/G56C2.csv
600451	data/NMC/Q_interpolated/Q_interpolated/Release 1.0/G58C4.csv
60654	data/NMC/Q_interpolated/Q_interpolated/Release 1.0/G14C4.csv
60715	data/NMC/Q_interpolated/Q_interpolated/Release 1.0/G14C3.csv
618379	data/NMC/Q_interpolated/Q_interpolated/Release 1.0/G1C4.csv
618856	data/NMC/Q_interpolated/Q_interpolated/Release 1.0/G3C1.csv
619138	data/NMC/Q_interpolated/Q_interpolated/Release 1.0/G40C3.csv
619158	data/NMC/Q_interpolated/Q_interpolated/Release 2.0/G50C1.csv
619602	data/NMC/Q_interpolated/Q_interpolated/Release 1.0/G42C4.csv
620286	data/NMC/Q_interpolated/Q_interpolated/Release 1.0/G10C4.csv
638436	data/NMC/Q_interpolated/Q_interpolated/Release 1.0/G54C3.csv
639209	data/NMC/Q_interpolated/Q_interpolated/Release 2.0/G50C4.csv
639272	data/NMC/Q_interpolated/Q_interpolated/Release 1.0/G59C2.csv
640153	data/NMC/Q_interpolated/Q_interpolated/Release 1.0/G56C1.csv
640262	data/NMC/Q_interpolated/Q_interpolated/Release 1.0/G8C3.csv
659135	data/NMC/Q_interpolated/Q_interpolated/Release 1.0/G40C2.csv
659457	data/NMC/Q_interpolated/Q_interpolated/Release 1.0/G43C3.csv
660416	data/NMC/Q_interpolated/Q_interpolated/Release 1.0/G43C1.csv
678537	data/NMC/Q_interpolated/Q_interpolated/Release 1.0/G54C2.csv
679287	data/NMC/Q_interpolated/Q_interpolated/Release 1.0/G59C1.csv
699279	data/NMC/Q_interpolated/Q_interpolated/Release 2.0/G50C3.csv
702255	data/NMC/Q_interpolated/Q_interpolated/Release 1.0/G41C1.csv
717311	data/NMC/Q_interpolated/Q_interpolated/Release 2.0/G57C4.csv
717726	data/NMC/Q_interpolated/Q_interpolated/Release 2.0/G57C3.csv
717845	data/NMC/Q_interpolated/Q_interpolated/Release 2.0/G57C2.csv
718053	data/NMC/Q_interpolated/Q_interpolated/Release 2.0/G57C1.csv
718568	data/NMC/Q_interpolated/Q_interpolated/Release 1.0/G6C1.csv
719713	data/NMC/Q_interpolated/Q_interpolated/Release 2.0/G58C1.csv
737825	data/NMC/Q_interpolated/Q_interpolated/Release 2.0/G49C4.csv
738794	data/NMC/Q_interpolated/Q_interpolated/Release 2.0/G49C2.csv
739203	data/NMC/Q_interpolated/Q_interpolated/Release 2.0/G49C1.csv
739748	data/NMC/Q_interpolated/Q_interpolated/Release 2.0/G49C3.csv
758712	data/NMC/Q_interpolated/Q_interpolated/Release 1.0/G40C1.csv
759482	data/NMC/Q_interpolated/Q_interpolated/Release 1.0/G40C4.csv
760024	data/NMC/Q_interpolated/Q_interpolated/Release 1.0/G26C4.csv
80561	data/NMC/Q_interpolated/Q_interpolated/Release 1.0/G11C3.csv
80592	data/NMC/Q_interpolated/Q_interpolated/Release 1.0/G14C2.csv
80603	data/NMC/Q_interpolated/Q_interpolated/Release 1.0/G11C2.csv
80691	data/NMC/Q_interpolated/Q_interpolated/Release 1.0/G11C4.csv
920444	data/NMC/Q_interpolated/Q_interpolated/Release 1.0/G26C2.csv
924625	data/NMC/Q_interpolated/Q_interpolated/Release 1.0/G25C4.csv
238	data/NMC/RPT_json/Example_Load_Matlab.m
10015767	data/NMC/RPT_json/Release 1.0/G19C1.json
100555965	data/NMC/RPT_json/Release 1.0/G6C2.json
10074776	data/NMC/RPT_json/Release 1.0/G63C1.json
101350956	data/NMC/RPT_json/Release 1.0/G7C3.json
10189321	data/NMC/RPT_json/Release 1.0/G24C4.json
10227922	data/NMC/RPT_json/Release 1.0/G46C3.json
10235549	data/NMC/RPT_json/Release 1.0/G22C4.json
10240922	data/NMC/RPT_json/Release 1.0/G62C4.json
10320033	data/NMC/RPT_json/Release 1.0/G48C1.json
105179769	data/NMC/RPT_json/Release 1.0/G1C2.json
10533090	data/NMC/RPT_json/Release 1.0/G23C3.json
10591170	data/NMC/RPT_json/Release 1.0/G30C4.json
10623741	data/NMC/RPT_json/Release 1.0/G24C1.json
10730483	data/NMC/RPT_json/Release 1.0/G38C2.json
10880394	data/NMC/RPT_json/Release 1.0/G21C1.json
10926367	data/NMC/RPT_json/Release 1.0/G22C1.json
109774072	data/NMC/RPT_json/Release 1.0/G1C3.json
11213569	data/NMC/RPT_json/Release 1.0/G19C3.json
11259345	data/NMC/RPT_json/Release 1.0/G38C1.json
11328034	data/NMC/RPT_json/Release 1.0/G35C4.json
11346231	data/NMC/RPT_json/Release 1.0/G29C1.json
11394243	data/NMC/RPT_json/Release 1.0/G45C1.json
11411487	data/NMC/RPT_json/Release 1.0/G23C1.json
11471811	data/NMC/RPT_json/Release 1.0/G48C2.json
11478243	data/NMC/RPT_json/Release 1.0/G21C4.json
11502414	data/NMC/RPT_json/Release 1.0/G60C3.json
11586170	data/NMC/RPT_json/Release 1.0/G25C1.json
11808703	data/NMC/RPT_json/Release 1.0/G51C3.json
11816718	data/NMC/RPT_json/Release 1.0/G22C3.json
11844297	data/NMC/RPT_json/Release 1.0/G47C4.json
118703961	data/NMC/RPT_json/Release 1.0/G6C3.json
11910875	data/NMC/RPT_json/Release 1.0/G47C1.json
11950920	data/NMC/RPT_json/Release 1.0/G24C2.json
12162732	data/NMC/RPT_json/Release 1.0/G51C1.json
12174002	data/NMC/RPT_json/Release 1.0/G29C4.json
12283954	data/NMC/RPT_json/Release 1.0/G23C2.json
12289143	data/NMC/RPT_json/Release 1.0/G45C2.json
12315608	data/NMC/RPT_json/Release 1.0/G28C3.json
12378115	data/NMC/RPT_json/Release 1.0/G45C4.json
12427311	data/NMC/RPT_json/Release 1.0/G23C4.json
12461158	data/NMC/RPT_json/Release 1.0/G28C2.json
12549146	data/NMC/RPT_json/Release 1.0/G27C3.json
12618160	data/NMC/RPT_json/Release 1.0/G30C1.json
12687435	data/NMC/RPT_json/Release 1.0/G31C4.json
12724533	data/NMC/RPT_json/Release 1.0/G60C2.json
12761085	data/NMC/RPT_json/Release 1.0/G21C3.json
12817869	data/NMC/RPT_json/Release 1.0/G45C3.json
12820948	data/NMC/RPT_json/Release 1.0/G35C3.json
12984909	data/NMC/RPT_json/Release 1.0/G46C4.json
13008851	data/NMC/RPT_json/Release 1.0/G13C1.json
13044438	data/NMC/RPT_json/Release 1.0/G46C1.json
13141924	data/NMC/RPT_json/Release 1.0/G48C3.json
13184108	data/NMC/RPT_json/Release 1.0/G60C4.json
13247904	data/NMC/RPT_json/Release 1.0/G46C2.json
13307249	data/NMC/RPT_json/Release 1.0/G31C2.json
13372572	data/NMC/RPT_json/Release 1.0/G39C3.json
13433768	data/NMC/RPT_json/Release 1.0/G39C1.json
13449111	data/NMC/RPT_json/Release 1.0/G39C2.json
13479603	data/NMC/RPT_json/Release 1.0/G31C3.json
13565902	data/NMC/RPT_json/Release 1.0/G13C4.json
13608732	data/NMC/RPT_json/Release 1.0/G30C2.json
13650111	data/NMC/RPT_json/Release 1.0/G47C3.json
13668496	data/NMC/RPT_json/Release 1.0/G62C2.json
13731085	data/NMC/RPT_json/Release 1.0/G36C1.json
13771840	data/NMC/RPT_json/Release 1.0/G13C3.json
13870646	data/NMC/RPT_json/Release 1.0/G20C3.json
13874786	data/NMC/RPT_json/Release 1.0/G25C2.json
14219871	data/NMC/RPT_json/Release 1.0/G51C4.json
14295230	data/NMC/RPT_json/Release 1.0/G17C4.json
14466587	data/NMC/RPT_json/Release 1.0/G63C3.json
14537158	data/NMC/RPT_json/Release 1.0/G62C3.json
14647555	data/NMC/RPT_json/Release 1.0/G37C4.json
14668691	data/NMC/RPT_json/Release 1.0/G51C2.json
14693891	data/NMC/RPT_json/Release 1.0/G31C1.json
14835817	data/NMC/RPT_json/Release 1.0/G20C4.json
14935562	data/NMC/RPT_json/Release 1.0/G29C3.json
15049190	data/NMC/RPT_json/Release 1.0/G16C1.json
15234581	data/NMC/RPT_json/Release 1.0/G36C2.json
15303188	data/NMC/RPT_json/Release 1.0/G39C4.json
15307505	data/NMC/RPT_json/Release 1.0/G38C3.json
15346596	data/NMC/RPT_json/Release 1.0/G53C4.json
15468681	data/NMC/RPT_json/Release 1.0/G55C3.json
15582404	data/NMC/RPT_json/Release 1.0/G64C4.json
15663350	data/NMC/RPT_json/Release 1.0/G16C3.json
15736565	data/NMC/RPT_json/Release 1.0/G21C2.json
15772381	data/NMC/RPT_json/Release 1.0/G16C4.json
15799876	data/NMC/RPT_json/Release 1.0/G44C1.json
15840984	data/NMC/RPT_json/Release 1.0/G17C2.json
15901506	data/NMC/RPT_json/Release 1.0/G60C1.json
15938604	data/NMC/RPT_json/Release 1.0/G47C2.json
16019729	data/NMC/RPT_json/Release 1.0/G16C2.json
16315352	data/NMC/RPT_json/Release 1.0/G36C3.json
16331086	data/NMC/RPT_json/Release 1.0/G61C4.json
16547773	data/NMC/RPT_json/Release 1.0/G38C4.json
16771139	data/NMC/RPT_json/Release 1.0/G37C3.json
16779401	data/NMC/RPT_json/Release 1.0/G17C1.json
16859805	data/NMC/RPT_json/Release 1.0/G61C2.json
17026720	data/NMC/RPT_json/Release 1.0/G55C4.json
17051756	data/NMC/RPT_json/Release 1.0/G41C2.json
17152527	data/NMC/RPT_json/Release 1.0/G55C1.json
17240004	data/NMC/RPT_json/Release 1.0/G62C1.json
17458683	data/NMC/RPT_json/Release 1.0/G55C2.json
17523471	data/NMC/RPT_json/Release 1.0/G25C3.json
17548027	data/NMC/RPT_json/Release 1.0/G32C2.json
17657665	data/NMC/RPT_json/Release 1.0/G52C3.json
17825752	data/NMC/RPT_json/Release 1.0/G33C4.json
17909689	data/NMC/RPT_json/Release 1.0/G52C2.json
17922144	data/NMC/RPT_json/Release 1.0/G37C2.json
17922359	data/NMC/RPT_json/Release 1.0/G33C2.json
17971392	data/NMC/RPT_json/Release 1.0/G32C4.json
18047717	data/NMC/RPT_json/Release 1.0/G18C4.json
18306395	data/NMC/RPT_json/Release 1.0/G17C3.json
18389240	data/NMC/RPT_json/Release 1.0/G27C2.json
18595732	data/NMC/RPT_json/Release 1.0/G29C2.json
18668047	data/NMC/RPT_json/Release 1.0/G63C4.json
18689628	data/NMC/RPT_json/Release 1.0/G30C3.json
18908027	data/NMC/RPT_json/Release 1.0/G35C1.json
19054606	data/NMC/RPT_json/Release 1.0/G27C4.json
19105199	data/NMC/RPT_json/Release 1.0/G50C2.json
19163067	data/NMC/RPT_json/Release 1.0/G32C3.json
19225784	data/NMC/RPT_json/Release 1.0/G56C3.json
19248549	data/NMC/RPT_json/Release 1.0/G27C1.json
19569014	data/NMC/RPT_json/Release 1.0/G52C4.json
19653320	data/NMC/RPT_json/Release 1.0/G42C3.json
20096121	data/NMC/RPT_json/Release 1.0/G37C1.json
20242430	data/NMC/RPT_json/Release 1.0/G33C1.json
20306745	data/NMC/RPT_json/Release 1.0/G58C2.json
20373365	data/NMC/RPT_json/Release 1.0/G18C2.json
20608426	data/NMC/RPT_json/Release 1.0/G18C3.json
20912931	data/NMC/RPT_json/Release 1.0/G43C2.json
21326722	data/NMC/RPT_json/Release 1.0/G33C3.json
21421506	data/NMC/RPT_json/Release 1.0/G13C2.json
21537605	data/NMC/RPT_json/Release 1.0/G32C1.json
21780803	data/NMC/RPT_json/Release 1.0/G34C3.json
21920071	data/NMC/RPT_json/Release 1.0/G52C1.json
21946311	data/NMC/RPT_json/Release 1.0/G41C4.json
22341286	data/NMC/RPT_json/Release 1.0/G56C4.json
22534324	data/NMC/RPT_json/Release 1.0/G41C3.json
22653179	data/NMC/RPT_json/Release 1.0/G44C2.json
22762879	data/NMC/RPT_json/Release 1.0/G44C4.json
22824627	data/NMC/RPT_json/Release 1.0/G59C3.json
23669370	data/NMC/RPT_json/Release 1.0/G58C3.json
23874273	data/NMC/RPT_json/Release 1.0/G34C4.json
24110482	data/NMC/RPT_json/Release 1.0/G43C4.json
24180926	data/NMC/RPT_json/Release 1.0/G42C2.json
24252528	data/NMC/RPT_json/Release 2.0/G50C1.json
24338815	data/NMC/RPT_json/Release 1.0/G58C4.json
24562328	data/NMC/RPT_json/Release 1.0/G34C1.json
24664941	data/NMC/RPT_json/Release 1.0/G42C1.json
24909506	data/NMC/RPT_json/Release 1.0/G56C2.json
25647684	data/NMC/RPT_json/Release 1.0/G26C1.json
25744262	data/NMC/RPT_json/Release 1.0/G34C2.json
25760455	data/NMC/RPT_json/Release 1.0/G44C3.json
25845559	data/NMC/RPT_json/Release 1.0/G54C4.json
25951457	data/NMC/RPT_json/Release 2.0/G50C4.json
25980497	data/NMC/RPT_json/Release 1.0/G10C4.json
26005283	data/NMC/RPT_json/Release 1.0/G59C4.json
2612639	data/NMC/RPT_json/Release 1.0/G14C4.json
26190603	data/NMC/RPT_json/Release 1.0/G56C1.json
2655751	data/NMC/RPT_json/Release 1.0/G14C3.json
26570179	data/NMC/RPT_json/Release 1.0/G41C1.json
26961224	data/NMC/RPT_json/Release 1.0/G43C1.json
27352807	data/NMC/RPT_json/Release 1.0/G54C1.json
27752824	data/NMC/RPT_json/Release 1.0/G42C4.json
27797327	data/NMC/RPT_json/Release 1.0/G59C2.json
28153427	data/NMC/RPT_json/Release 1.0/G43C3.json
28609500	data/NMC/RPT_json/Release 1.0/G40C3.json
28849203	data/NMC/RPT_json/Release 1.0/G40C2.json
29490347	data/NMC/RPT_json/Release 2.0/G50C3.json
29641798	data/NMC/RPT_json/Release 1.0/G54C3.json
30091422	data/NMC/RPT_json/Release 1.0/G59C1.json
30496975	data/NMC/RPT_json/Release 1.0/G54C2.json
30770155	data/NMC/RPT_json/Release 2.0/G58C1.json
32249545	data/NMC/RPT_json/Release 1.0/G40C4.json
32328785	data/NMC/RPT_json/Release 2.0/G49C2.json
32881115	data/NMC/RPT_json/Release 1.0/G40C1.json
33167194	data/NMC/RPT_json/Release 2.0/G49C4.json
33168784	data/NMC/RPT_json/Release 2.0/G57C3.json
33215473	data/NMC/RPT_json/Release 2.0/G49C3.json
33277964	data/NMC/RPT_json/Release 1.0/G26C4.json
33769539	data/NMC/RPT_json/Release 2.0/G57C1.json
33863665	data/NMC/RPT_json/Release 2.0/G57C2.json
33954836	data/NMC/RPT_json/Release 2.0/G49C1.json
34166269	data/NMC/RPT_json/Release 2.0/G57C4.json
3460786	data/NMC/RPT_json/Release 1.0/G14C2.json
35866587	data/NMC/RPT_json/Release 1.0/G25C4.json
40812579	data/NMC/RPT_json/Release 1.0/G26C2.json
5216540	data/NMC/RPT_json/Release 1.0/G19C4.json
5228263	data/NMC/RPT_json/Release 1.0/G14C1.json
53646267	data/NMC/RPT_json/Release 1.0/G11C1.json
55387178	data/NMC/RPT_json/Release 1.0/G11C2.json
5639347	data/NMC/RPT_json/Release 1.0/G53C1.json
56541082	data/NMC/RPT_json/Release 2.0/G26C3.json
56735886	data/NMC/RPT_json/Release 1.0/G11C4.json
57010924	data/NMC/RPT_json/Release 1.0/G11C3.json
57059841	data/NMC/RPT_json/Release 1.0/G9C1.json
57576455	data/NMC/RPT_json/Release 1.0/G18C1.json
57882881	data/NMC/RPT_json/Release 1.0/G9C4.json
58048186	data/NMC/RPT_json/Release 1.0/G9C2.json
60604140	data/NMC/RPT_json/Release 1.0/G9C3.json
61696053	data/NMC/RPT_json/Release 1.0/G5C4.json
62501818	data/NMC/RPT_json/Release 1.0/G12C2.json
6259704	data/NMC/RPT_json/Release 1.0/G53C3.json
63716531	data/NMC/RPT_json/Release 1.0/G5C1.json
6418926	data/NMC/RPT_json/Release 1.0/G53C2.json
65453381	data/NMC/RPT_json/Release 1.0/G8C1.json
65568099	data/NMC/RPT_json/Release 1.0/G5C2.json
66110299	data/NMC/RPT_json/Release 1.0/G10C1.json
66261733	data/NMC/RPT_json/Release 1.0/G12C3.json
66497776	data/NMC/RPT_json/Release 1.0/G5C3.json
67159856	data/NMC/RPT_json/Release 1.0/G8C2.json
68487535	data/NMC/RPT_json/Release 1.0/G12C1.json
68603920	data/NMC/RPT_json/Release 1.0/G3C2.json
69931273	data/NMC/RPT_json/Release 1.0/G10C3.json
70120436	data/NMC/RPT_json/Release 1.0/G3C4.json
70439432	data/NMC/RPT_json/Release 1.0/G10C2.json
72439958	data/NMC/RPT_json/Release 1.0/G4C4.json
7345512	data/NMC/RPT_json/Release 1.0/G28C4.json
74403479	data/NMC/RPT_json/Release 1.0/G7C1.json
74676855	data/NMC/RPT_json/Release 1.0/G2C1.json
75349483	data/NMC/RPT_json/Release 1.0/G7C2.json
7562934	data/NMC/RPT_json/Release 1.0/G20C1.json
75902483	data/NMC/RPT_json/Release 1.0/G4C2.json
76068127	data/NMC/RPT_json/Release 1.0/G12C4.json
76499633	data/NMC/RPT_json/Release 1.0/G8C4.json
77176693	data/NMC/RPT_json/Release 1.0/G2C4.json
77217583	data/NMC/RPT_json/Release 1.0/G8C3.json
77223704	data/NMC/RPT_json/Release 1.0/G4C1.json
7725601	data/NMC/RPT_json/Release 1.0/G36C4.json
78066097	data/NMC/RPT_json/Release 1.0/G2C3.json
78135747	data/NMC/RPT_json/Release 1.0/G3C3.json
79363344	data/NMC/RPT_json/Release 1.0/G7C4.json
7943889	data/NMC/RPT_json/Release 1.0/G22C2.json
79712269	data/NMC/RPT_json/Release 1.0/G2C2.json
80844832	data/NMC/RPT_json/Release 1.0/G3C1.json
81578083	data/NMC/RPT_json/Release 1.0/G4C3.json
82184500	data/NMC/RPT_json/Release 1.0/G1C4.json
8460953	data/NMC/RPT_json/Release 1.0/G19C2.json
85246049	data/NMC/RPT_json/Release 1.0/G6C1.json
9071367	data/NMC/RPT_json/Release 1.0/G64C2.json
9107293	data/NMC/RPT_json/Release 1.0/G35C2.json
9499678	data/NMC/RPT_json/Release 1.0/G28C1.json
9603220	data/NMC/RPT_json/Release 1.0/G20C2.json
9698417	data/NMC/RPT_json/Release 1.0/G64C3.json
9796524	data/NMC/RPT_json/Release 1.0/G61C3.json
9814296	data/NMC/RPT_json/Release 1.0/G64C1.json
98549526	data/NMC/RPT_json/Release 1.0/G1C1.json
9866336	data/NMC/RPT_json/Release 1.0/G48C4.json
98815332	data/NMC/RPT_json/Release 1.0/G6C4.json
9886480	data/NMC/RPT_json/Release 1.0/G63C2.json
9926927	data/NMC/RPT_json/Release 1.0/G24C3.json
26866684	data/NMC/RPT_processed/G10C1.pkl
28373863	data/NMC/RPT_processed/G10C2.pkl
27123286	data/NMC/RPT_processed/G10C3.pkl
10510557	data/NMC/RPT_processed/G10C4.pkl
21966013	data/NMC/RPT_processed/G11C1.pkl
22656347	data/NMC/RPT_processed/G11C2.pkl
22677259	data/NMC/RPT_processed/G11C3.pkl
22734684	data/NMC/RPT_processed/G11C4.pkl
28172952	data/NMC/RPT_processed/G12C1.pkl
24764206	data/NMC/RPT_processed/G12C2.pkl
27295681	data/NMC/RPT_processed/G12C3.pkl
30629960	data/NMC/RPT_processed/G12C4.pkl
5259849	data/NMC/RPT_processed/G13C1.pkl
8647583	data/NMC/RPT_processed/G13C2.pkl
5561647	data/NMC/RPT_processed/G13C3.pkl
5402477	data/NMC/RPT_processed/G13C4.pkl
2079015	data/NMC/RPT_processed/G14C1.pkl
1386897	data/NMC/RPT_processed/G14C2.pkl
1048300	data/NMC/RPT_processed/G14C3.pkl
1060468	data/NMC/RPT_processed/G14C4.pkl
6117301	data/NMC/RPT_processed/G16C1.pkl
6500398	data/NMC/RPT_processed/G16C2.pkl
6199434	data/NMC/RPT_processed/G16C3.pkl
6297972	data/NMC/RPT_processed/G16C4.pkl
6799931	data/NMC/RPT_processed/G17C1.pkl
6437117	data/NMC/RPT_processed/G17C2.pkl
7237585	data/NMC/RPT_processed/G17C3.pkl
5700539	data/NMC/RPT_processed/G17C4.pkl
22930636	data/NMC/RPT_processed/G18C1.pkl
8185397	data/NMC/RPT_processed/G18C2.pkl
8152777	data/NMC/RPT_processed/G18C3.pkl
7307701	data/NMC/RPT_processed/G18C4.pkl
4015526	data/NMC/RPT_processed/G19C1.pkl
3353377	data/NMC/RPT_processed/G19C2.pkl
4561836	data/NMC/RPT_processed/G19C3.pkl
2069950	data/NMC/RPT_processed/G19C4.pkl
39786872	data/NMC/RPT_processed/G1C1.pkl
43026184	data/NMC/RPT_processed/G1C2.pkl
44738760	data/NMC/RPT_processed/G1C3.pkl
32758994	data/NMC/RPT_processed/G1C4.pkl
3414518	data/NMC/RPT_processed/G20C1.pkl
3891009	data/NMC/RPT_processed/G20C2.pkl
5625259	data/NMC/RPT_processed/G20C3.pkl
5990886	data/NMC/RPT_processed/G20C4.pkl
4446449	data/NMC/RPT_processed/G21C1.pkl
6539131	data/NMC/RPT_processed/G21C2.pkl
5220439	data/NMC/RPT_processed/G21C3.pkl
4802630	data/NMC/RPT_processed/G21C4.pkl
4552450	data/NMC/RPT_processed/G22C1.pkl
3234280	data/NMC/RPT_processed/G22C2.pkl
4753257	data/NMC/RPT_processed/G22C3.pkl
4233706	data/NMC/RPT_processed/G22C4.pkl
4656096	data/NMC/RPT_processed/G23C1.pkl
4980948	data/NMC/RPT_processed/G23C2.pkl
4253938	data/NMC/RPT_processed/G23C3.pkl
5017357	data/NMC/RPT_processed/G23C4.pkl
4273801	data/NMC/RPT_processed/G24C1.pkl
4987300	data/NMC/RPT_processed/G24C2.pkl
3985307	data/NMC/RPT_processed/G24C3.pkl
4180696	data/NMC/RPT_processed/G24C4.pkl
5186372	data/NMC/RPT_processed/G25C1.pkl
5710391	data/NMC/RPT_processed/G25C2.pkl
7435556	data/NMC/RPT_processed/G25C3.pkl
14658974	data/NMC/RPT_processed/G25C4.pkl
10950748	data/NMC/RPT_processed/G26C1.pkl
16818702	data/NMC/RPT_processed/G26C2.pkl
24023145	data/NMC/RPT_processed/G26C3.pkl
14491749	data/NMC/RPT_processed/G26C4.pkl
7915554	data/NMC/RPT_processed/G27C1.pkl
7467992	data/NMC/RPT_processed/G27C2.pkl
5338013	data/NMC/RPT_processed/G27C3.pkl
7692979	data/NMC/RPT_processed/G27C4.pkl
3948577	data/NMC/RPT_processed/G28C1.pkl
5045221	data/NMC/RPT_processed/G28C2.pkl
5006827	data/NMC/RPT_processed/G28C3.pkl
3237799	data/NMC/RPT_processed/G28C4.pkl
5073802	data/NMC/RPT_processed/G29C1.pkl
7951719	data/NMC/RPT_processed/G29C2.pkl
6392648	data/NMC/RPT_processed/G29C3.pkl
5470743	data/NMC/RPT_processed/G29C4.pkl
30428989	data/NMC/RPT_processed/G2C1.pkl
31471357	data/NMC/RPT_processed/G2C2.pkl
31451373	data/NMC/RPT_processed/G2C3.pkl
31096746	data/NMC/RPT_processed/G2C4.pkl
5409679	data/NMC/RPT_processed/G30C1.pkl
6211194	data/NMC/RPT_processed/G30C2.pkl
8184027	data/NMC/RPT_processed/G30C3.pkl
4698640	data/NMC/RPT_processed/G30C4.pkl
6420685	data/NMC/RPT_processed/G31C1.pkl
5529902	data/NMC/RPT_processed/G31C2.pkl
5560557	data/NMC/RPT_processed/G31C3.pkl
5416388	data/NMC/RPT_processed/G31C4.pkl
8837677	data/NMC/RPT_processed/G32C1.pkl
7157412	data/NMC/RPT_processed/G32C2.pkl
8157622	data/NMC/RPT_processed/G32C3.pkl
7621510	data/NMC/RPT_processed/G32C4.pkl
8311897	data/NMC/RPT_processed/G33C1.pkl
7304581	data/NMC/RPT_processed/G33C2.pkl
9649591	data/NMC/RPT_processed/G33C3.pkl
7265250	data/NMC/RPT_processed/G33C4.pkl
10011661	data/NMC/RPT_processed/G34C1.pkl
10436766	data/NMC/RPT_processed/G34C2.pkl
8879390	data/NMC/RPT_processed/G34C3.pkl
9809235	data/NMC/RPT_processed/G34C4.pkl
7564383	data/NMC/RPT_processed/G35C1.pkl
3621385	data/NMC/RPT_processed/G35C2.pkl
5045525	data/NMC/RPT_processed/G35C3.pkl
4471073	data/NMC/RPT_processed/G35C4.pkl
5523992	data/NMC/RPT_processed/G36C1.pkl
6020462	data/NMC/RPT_processed/G36C2.pkl
6468251	data/NMC/RPT_processed/G36C3.pkl
3043397	data/NMC/RPT_processed/G36C4.pkl
8073717	data/NMC/RPT_processed/G37C1.pkl
7200412	data/NMC/RPT_processed/G37C2.pkl
6706405	data/NMC/RPT_processed/G37C3.pkl
5741096	data/NMC/RPT_processed/G37C4.pkl
4423181	data/NMC/RPT_processed/G38C1.pkl
4222418	data/NMC/RPT_processed/G38C2.pkl
6111217	data/NMC/RPT_processed/G38C3.pkl
6622708	data/NMC/RPT_processed/G38C4.pkl
5388247	data/NMC/RPT_processed/G39C1.pkl
5424551	data/NMC/RPT_processed/G39C2.pkl
5270338	data/NMC/RPT_processed/G39C3.pkl
6041384	data/NMC/RPT_processed/G39C4.pkl
32454371	data/NMC/RPT_processed/G3C1.pkl
27671980	data/NMC/RPT_processed/G3C2.pkl
31382315	data/NMC/RPT_processed/G3C3.pkl
28147031	data/NMC/RPT_processed/G3C4.pkl
13338960	data/NMC/RPT_processed/G40C1.pkl
11644397	data/NMC/RPT_processed/G40C2.pkl
11311058	data/NMC/RPT_processed/G40C3.pkl
12788293	data/NMC/RPT_processed/G40C4.pkl
10621738	data/NMC/RPT_processed/G41C1.pkl
6897468	data/NMC/RPT_processed/G41C2.pkl
8829415	data/NMC/RPT_processed/G41C3.pkl
8715987	data/NMC/RPT_processed/G41C4.pkl
9888155	data/NMC/RPT_processed/G42C1.pkl
9692843	data/NMC/RPT_processed/G42C2.pkl
7987619	data/NMC/RPT_processed/G42C3.pkl
11358811	data/NMC/RPT_processed/G42C4.pkl
10715119	data/NMC/RPT_processed/G43C1.pkl
8437166	data/NMC/RPT_processed/G43C2.pkl
11129262	data/NMC/RPT_processed/G43C3.pkl
9227878	data/NMC/RPT_processed/G43C4.pkl
6538960	data/NMC/RPT_processed/G44C1.pkl
9474218	data/NMC/RPT_processed/G44C2.pkl
10645977	data/NMC/RPT_processed/G44C3.pkl
9303827	data/NMC/RPT_processed/G44C4.pkl
4910196	data/NMC/RPT_processed/G45C1.pkl
5019578	data/NMC/RPT_processed/G45C2.pkl
5232465	data/NMC/RPT_processed/G45C3.pkl
5071594	data/NMC/RPT_processed/G45C4.pkl
5311418	data/NMC/RPT_processed/G46C1.pkl
5391454	data/NMC/RPT_processed/G46C2.pkl
4272791	data/NMC/RPT_processed/G46C3.pkl
5267529	data/NMC/RPT_processed/G46C4.pkl
4902352	data/NMC/RPT_processed/G47C1.pkl
7143702	data/NMC/RPT_processed/G47C2.pkl
5628711	data/NMC/RPT_processed/G47C3.pkl
5066854	data/NMC/RPT_processed/G47C4.pkl
4536151	data/NMC/RPT_processed/G48C1.pkl
4734626	data/NMC/RPT_processed/G48C2.pkl
5524105	data/NMC/RPT_processed/G48C3.pkl
4239934	data/NMC/RPT_processed/G48C4.pkl
13909479	data/NMC/RPT_processed/G49C1.pkl
13724767	data/NMC/RPT_processed/G49C2.pkl
13676192	data/NMC/RPT_processed/G49C3.pkl
13678162	data/NMC/RPT_processed/G49C4.pkl
30816124	data/NMC/RPT_processed/G4C1.pkl
30820513	data/NMC/RPT_processed/G4C2.pkl
32222956	data/NMC/RPT_processed/G4C3.pkl
29021739	data/NMC/RPT_processed/G4C4.pkl
10777593	data/NMC/RPT_processed/G50C1.pkl
8479675	data/NMC/RPT_processed/G50C2.pkl
12689349	data/NMC/RPT_processed/G50C3.pkl
11079539	data/NMC/RPT_processed/G50C4.pkl
5443887	data/NMC/RPT_processed/G51C1.pkl
5965939	data/NMC/RPT_processed/G51C2.pkl
5144724	data/NMC/RPT_processed/G51C3.pkl
5853326	data/NMC/RPT_processed/G51C4.pkl
8736747	data/NMC/RPT_processed/G52C1.pkl
6946001	data/NMC/RPT_processed/G52C2.pkl
7093775	data/NMC/RPT_processed/G52C3.pkl
7845658	data/NMC/RPT_processed/G52C4.pkl
2230917	data/NMC/RPT_processed/G53C1.pkl
2539545	data/NMC/RPT_processed/G53C2.pkl
2482493	data/NMC/RPT_processed/G53C3.pkl
6050468	data/NMC/RPT_processed/G53C4.pkl
10954911	data/NMC/RPT_processed/G54C1.pkl
12454387	data/NMC/RPT_processed/G54C2.pkl
11690942	data/NMC/RPT_processed/G54C3.pkl
10345478	data/NMC/RPT_processed/G54C4.pkl
6926925	data/NMC/RPT_processed/G55C1.pkl
6937932	data/NMC/RPT_processed/G55C2.pkl
6190858	data/NMC/RPT_processed/G55C3.pkl
6800715	data/NMC/RPT_processed/G55C4.pkl
10458455	data/NMC/RPT_processed/G56C1.pkl
9734981	data/NMC/RPT_processed/G56C2.pkl
7585929	data/NMC/RPT_processed/G56C3.pkl
8816603	data/NMC/RPT_processed/G56C4.pkl
13430428	data/NMC/RPT_processed/G57C1.pkl
13831471	data/NMC/RPT_processed/G57C2.pkl
13356193	data/NMC/RPT_processed/G57C3.pkl
13727771	data/NMC/RPT_processed/G57C4.pkl
12399115	data/NMC/RPT_processed/G58C1.pkl
8064441	data/NMC/RPT_processed/G58C2.pkl
9457441	data/NMC/RPT_processed/G58C3.pkl
9572541	data/NMC/RPT_processed/G58C4.pkl
12049067	data/NMC/RPT_processed/G59C1.pkl
11236942	data/NMC/RPT_processed/G59C2.pkl
9257003	data/NMC/RPT_processed/G59C3.pkl
10517480	data/NMC/RPT_processed/G59C4.pkl
25963941	data/NMC/RPT_processed/G5C1.pkl
26297653	data/NMC/RPT_processed/G5C2.pkl
26972970	data/NMC/RPT_processed/G5C3.pkl
24815103	data/NMC/RPT_processed/G5C4.pkl
6746675	data/NMC/RPT_processed/G60C1.pkl
5573834	data/NMC/RPT_processed/G60C2.pkl
4936880	data/NMC/RPT_processed/G60C3.pkl
5671863	data/NMC/RPT_processed/G60C4.pkl
6678105	data/NMC/RPT_processed/G61C2.pkl
3918634	data/NMC/RPT_processed/G61C3.pkl
6494874	data/NMC/RPT_processed/G61C4.pkl
6971097	data/NMC/RPT_processed/G62C1.pkl
5457979	data/NMC/RPT_processed/G62C2.pkl
5868598	data/NMC/RPT_processed/G62C3.pkl
4156369	data/NMC/RPT_processed/G62C4.pkl
4005110	data/NMC/RPT_processed/G63C1.pkl
3983426	data/NMC/RPT_processed/G63C2.pkl
5803206	data/NMC/RPT_processed/G63C3.pkl
7528953	data/NMC/RPT_processed/G63C4.pkl
3969775	data/NMC/RPT_processed/G64C1.pkl
3723280	data/NMC/RPT_processed/G64C2.pkl
3998990	data/NMC/RPT_processed/G64C3.pkl
6213367	data/NMC/RPT_processed/G64C4.pkl
34314358	data/NMC/RPT_processed/G6C1.pkl
40033513	data/NMC/RPT_processed/G6C2.pkl
47377546	data/NMC/RPT_processed/G6C3.pkl
39689337	data/NMC/RPT_processed/G6C4.pkl
30078355	data/NMC/RPT_processed/G7C1.pkl
29804529	data/NMC/RPT_processed/G7C2.pkl
40350624	data/NMC/RPT_processed/G7C3.pkl
31513637	data/NMC/RPT_processed/G7C4.pkl
25892226	data/NMC/RPT_processed/G8C1.pkl
26749685	data/NMC/RPT_processed/G8C2.pkl
31556750	data/NMC/RPT_processed/G8C3.pkl
30486605	data/NMC/RPT_processed/G8C4.pkl
23379122	data/NMC/RPT_processed/G9C1.pkl
23727051	data/NMC/RPT_processed/G9C2.pkl
24258715	data/NMC/RPT_processed/G9C3.pkl
23323705	data/NMC/RPT_processed/G9C4.pkl
1727	data/NMC/Valid_cells.csv
1008	data/NMC/capacity_fade/Release 1.0/G26C1.csv
1022	data/NMC/capacity_fade/Release 1.0/G2C1.csv
1025	data/NMC/capacity_fade/Release 1.0/G13C2.csv
1040	data/NMC/capacity_fade/Release 1.0/G44C3.csv
1042	data/NMC/capacity_fade/Release 1.0/G54C4.csv
1049	data/NMC/capacity_fade/Release 1.0/G56C4.csv
1055	data/NMC/capacity_fade/Release 1.0/G43C4.csv
1055	data/NMC/capacity_fade/Release 1.0/G4C2.csv
1060	data/NMC/capacity_fade/Release 1.0/G34C2.csv
1065	data/NMC/capacity_fade/Release 1.0/G34C4.csv
1068	data/NMC/capacity_fade/Release 1.0/G41C3.csv
1076	data/NMC/capacity_fade/Release 1.0/G3C3.csv
1081	data/NMC/capacity_fade/Release 1.0/G34C1.csv
1083	data/NMC/capacity_fade/Release 1.0/G8C4.csv
1085	data/NMC/capacity_fade/Release 1.0/G2C4.csv
1092	data/NMC/capacity_fade/Release 1.0/G2C3.csv
1096	data/NMC/capacity_fade/Release 1.0/G12C4.csv
1106	data/NMC/capacity_fade/Release 1.0/G41C4.csv
1113	data/NMC/capacity_fade/Release 1.0/G2C2.csv
1120	data/NMC/capacity_fade/Release 1.0/G58C4.csv
1121	data/NMC/capacity_fade/Release 1.0/G42C1.csv
1126	data/NMC/capacity_fade/Release 1.0/G42C2.csv
1137	data/NMC/capacity_fade/Release 1.0/G56C2.csv
1147	data/NMC/capacity_fade/Release 1.0/G4C3.csv
1153	data/NMC/capacity_fade/Release 2.0/G50C4.csv
1161	data/NMC/capacity_fade/Release 1.0/G42C4.csv
1161	data/NMC/capacity_fade/Release 1.0/G59C4.csv
1162	data/NMC/capacity_fade/Release 1.0/G3C1.csv
1162	data/NMC/capacity_fade/Release 1.0/G58C3.csv
1164	data/NMC/capacity_fade/Release 1.0/G54C1.csv
1165	data/NMC/capacity_fade/Release 2.0/G50C1.csv
1172	data/NMC/capacity_fade/Release 1.0/G7C4.csv
1178	data/NMC/capacity_fade/Release 1.0/G40C3.csv
1180	data/NMC/capacity_fade/Release 1.0/G1C4.csv
119	data/NMC/capacity_fade/Release 1.0/G14C3.csv
119	data/NMC/capacity_fade/Release 1.0/G14C4.csv
1195	data/NMC/capacity_fade/Release 1.0/G10C4.csv
1197	data/NMC/capacity_fade/Release 1.0/G59C2.csv
1202	data/NMC/capacity_fade/Release 1.0/G54C3.csv
1210	data/NMC/capacity_fade/Release 1.0/G56C1.csv
1228	data/NMC/capacity_fade/Release 1.0/G8C3.csv
1248	data/NMC/capacity_fade/Release 1.0/G43C3.csv
1256	data/NMC/capacity_fade/Release 1.0/G43C1.csv
1258	data/NMC/capacity_fade/Release 1.0/G40C2.csv
1282	data/NMC/capacity_fade/Release 2.0/G50C3.csv
1298	data/NMC/capacity_fade/Release 1.0/G59C1.csv
1320	data/NMC/capacity_fade/Release 1.0/G54C2.csv
1339	data/NMC/capacity_fade/Release 1.0/G41C1.csv
1345	data/NMC/capacity_fade/Release 2.0/G49C2.csv
1351	data/NMC/capacity_fade/Release 2.0/G49C1.csv
1355	data/NMC/capacity_fade/Release 1.0/G6C1.csv
1356	data/NMC/capacity_fade/Release 2.0/G57C3.csv
1370	data/NMC/capacity_fade/Release 2.0/G49C4.csv
1371	data/NMC/capacity_fade/Release 2.0/G49C3.csv
1372	data/NMC/capacity_fade/Release 2.0/G57C1.csv
1376	data/NMC/capacity_fade/Release 2.0/G57C2.csv
1378	data/NMC/capacity_fade/Release 2.0/G58C1.csv
1380	data/NMC/capacity_fade/Release 1.0/G26C4.csv
1385	data/NMC/capacity_fade/Release 2.0/G57C4.csv
1450	data/NMC/capacity_fade/Release 1.0/G40C4.csv
147	data/NMC/capacity_fade/Release 1.0/G14C2.csv
1478	data/NMC/capacity_fade/Release 1.0/G40C1.csv
157	data/NMC/capacity_fade/Release 1.0/G11C2.csv
158	data/NMC/capacity_fade/Release 1.0/G11C3.csv
159	data/NMC/capacity_fade/Release 1.0/G11C4.csv
1674	data/NMC/capacity_fade/Release 1.0/G26C2.csv
1684	data/NMC/capacity_fade/Release 1.0/G25C4.csv
2000	data/NMC/capacity_fade/Release 1.0/G1C1.csv
2170	data/NMC/capacity_fade/Release 1.0/G6C4.csv
2183	data/NMC/capacity_fade/Release 1.0/G6C2.csv
223	data/NMC/capacity_fade/Release 1.0/G19C4.csv
224	data/NMC/capacity_fade/Release 1.0/G14C1.csv
2322	data/NMC/capacity_fade/Release 2.0/G26C3.csv
235	data/NMC/capacity_fade/Release 1.0/G9C4.csv
2385	data/NMC/capacity_fade/Release 1.0/G1C2.csv
2405	data/NMC/capacity_fade/Release 1.0/G7C3.csv
2579	data/NMC/capacity_fade/Release 1.0/G1C3.csv
264	data/NMC/capacity_fade/Release 1.0/G9C2.csv
276	data/NMC/capacity_fade/Release 1.0/G53C1.csv
276	data/NMC/capacity_fade/Release 1.0/G9C1.csv
2766	data/NMC/capacity_fade/Release 1.0/G18C1.csv
302	data/NMC/capacity_fade/Release 1.0/G9C3.csv
3055	data/NMC/capacity_fade/Release 1.0/G6C3.csv
311	data/NMC/capacity_fade/Release 1.0/G53C3.csv
315	data/NMC/capacity_fade/Release 1.0/G53C2.csv
332	data/NMC/capacity_fade/Release 1.0/G22C2.csv
338	data/NMC/capacity_fade/Release 1.0/G20C1.csv
353	data/NMC/capacity_fade/Release 1.0/G36C4.csv
360	data/NMC/capacity_fade/Release 1.0/G28C4.csv
373	data/NMC/capacity_fade/Release 1.0/G20C2.csv
376	data/NMC/capacity_fade/Release 1.0/G5C4.csv
379	data/NMC/capacity_fade/Release 1.0/G35C2.csv
389	data/NMC/capacity_fade/Release 1.0/G12C2.csv
391	data/NMC/capacity_fade/Release 1.0/G19C2.csv
394	data/NMC/capacity_fade/Release 1.0/G22C4.csv
404	data/NMC/capacity_fade/Release 1.0/G24C3.csv
413	data/NMC/capacity_fade/Release 1.0/G22C1.csv
419	data/NMC/capacity_fade/Release 1.0/G61C3.csv
426	data/NMC/capacity_fade/Release 1.0/G64C1.csv
429	data/NMC/capacity_fade/Release 1.0/G64C2.csv
431	data/NMC/capacity_fade/Release 1.0/G64C3.csv
437	data/NMC/capacity_fade/Release 1.0/G24C4.csv
443	data/NMC/capacity_fade/Release 1.0/G21C1.csv
443	data/NMC/capacity_fade/Release 1.0/G28C1.csv
449	data/NMC/capacity_fade/Release 1.0/G38C2.csv
450	data/NMC/capacity_fade/Release 1.0/G24C1.csv
452	data/NMC/capacity_fade/Release 1.0/G23C3.csv
457	data/NMC/capacity_fade/Release 1.0/G63C2.csv
464	data/NMC/capacity_fade/Release 1.0/G63C1.csv
465	data/NMC/capacity_fade/Release 1.0/G46C3.csv
466	data/NMC/capacity_fade/Release 1.0/G62C4.csv
472	data/NMC/capacity_fade/Release 1.0/G19C1.csv
475	data/NMC/capacity_fade/Release 1.0/G23C1.csv
476	data/NMC/capacity_fade/Release 1.0/G21C4.csv
477	data/NMC/capacity_fade/Release 1.0/G48C1.csv
480	data/NMC/capacity_fade/Release 1.0/G22C3.csv
486	data/NMC/capacity_fade/Release 1.0/G48C4.csv
487	data/NMC/capacity_fade/Release 1.0/G30C4.csv
489	data/NMC/capacity_fade/Release 1.0/G35C4.csv
499	data/NMC/capacity_fade/Release 1.0/G19C3.csv
502	data/NMC/capacity_fade/Release 1.0/G24C2.csv
505	data/NMC/capacity_fade/Release 1.0/G21C3.csv
511	data/NMC/capacity_fade/Release 1.0/G29C1.csv
513	data/NMC/capacity_fade/Release 1.0/G23C2.csv
513	data/NMC/capacity_fade/Release 1.0/G48C2.csv
518	data/NMC/capacity_fade/Release 1.0/G23C4.csv
520	data/NMC/capacity_fade/Release 1.0/G25C1.csv
523	data/NMC/capacity_fade/Release 1.0/G47C1.csv
532	data/NMC/capacity_fade/Release 1.0/G38C1.csv
539	data/NMC/capacity_fade/Release 1.0/G5C1.csv
540	data/NMC/capacity_fade/Release 1.0/G45C4.csv
545	data/NMC/capacity_fade/Release 1.0/G27C3.csv
546	data/NMC/capacity_fade/Release 1.0/G25C2.csv
546	data/NMC/capacity_fade/Release 1.0/G45C1.csv
549	data/NMC/capacity_fade/Release 1.0/G28C3.csv
554	data/NMC/capacity_fade/Release 1.0/G29C4.csv
555	data/NMC/capacity_fade/Release 1.0/G47C4.csv
555	data/NMC/capacity_fade/Release 1.0/G51C3.csv
555	data/NMC/capacity_fade/Release 1.0/G60C3.csv
564	data/NMC/capacity_fade/Release 1.0/G28C2.csv
566	data/NMC/capacity_fade/Release 1.0/G17C4.csv
566	data/NMC/capacity_fade/Release 1.0/G48C3.csv
572	data/NMC/capacity_fade/Release 1.0/G37C4.csv
576	data/NMC/capacity_fade/Release 1.0/G31C4.csv
577	data/NMC/capacity_fade/Release 1.0/G39C2.csv
578	data/NMC/capacity_fade/Release 1.0/G35C3.csv
578	data/NMC/capacity_fade/Release 1.0/G39C1.csv
581	data/NMC/capacity_fade/Release 1.0/G8C1.csv
585	data/NMC/capacity_fade/Release 1.0/G60C2.csv
588	data/NMC/capacity_fade/Release 1.0/G39C3.csv
589	data/NMC/capacity_fade/Release 1.0/G30C1.csv
589	data/NMC/capacity_fade/Release 1.0/G46C2.csv
592	data/NMC/capacity_fade/Release 1.0/G45C3.csv
593	data/NMC/capacity_fade/Release 1.0/G31C2.csv
593	data/NMC/capacity_fade/Release 1.0/G46C1.csv
594	data/NMC/capacity_fade/Release 1.0/G45C2.csv
595	data/NMC/capacity_fade/Release 1.0/G20C3.csv
595	data/NMC/capacity_fade/Release 1.0/G46C4.csv
595	data/NMC/capacity_fade/Release 1.0/G47C3.csv
596	data/NMC/capacity_fade/Release 1.0/G51C1.csv
597	data/NMC/capacity_fade/Release 1.0/G5C2.csv
600	data/NMC/capacity_fade/Release 1.0/G20C4.csv
602	data/NMC/capacity_fade/Release 1.0/G31C3.csv
602	data/NMC/capacity_fade/Release 1.0/G36C1.csv
604	data/NMC/capacity_fade/Release 1.0/G5C3.csv
607	data/NMC/capacity_fade/Release 1.0/G10C1.csv
608	data/NMC/capacity_fade/Release 1.0/G13C3.csv
610	data/NMC/capacity_fade/Release 1.0/G60C4.csv
614	data/NMC/capacity_fade/Release 1.0/G51C2.csv
620	data/NMC/capacity_fade/Release 1.0/G13C1.csv
622	data/NMC/capacity_fade/Release 1.0/G62C2.csv
624	data/NMC/capacity_fade/Release 1.0/G30C2.csv
628	data/NMC/capacity_fade/Release 1.0/G13C4.csv
631	data/NMC/capacity_fade/Release 1.0/G51C4.csv
632	data/NMC/capacity_fade/Release 1.0/G17C2.csv
636	data/NMC/capacity_fade/Release 1.0/G12C3.csv
639	data/NMC/capacity_fade/Release 1.0/G10C3.csv
644	data/NMC/capacity_fade/Release 1.0/G16C4.csv
645	data/NMC/capacity_fade/Release 1.0/G16C3.csv
647	data/NMC/capacity_fade/Release 1.0/G8C2.csv
654	data/NMC/capacity_fade/Release 1.0/G16C1.csv
655	data/NMC/capacity_fade/Release 1.0/G38C3.csv
660	data/NMC/capacity_fade/Release 1.0/G44C1.csv
662	data/NMC/capacity_fade/Release 1.0/G16C2.csv
662	data/NMC/capacity_fade/Release 1.0/G29C3.csv
663	data/NMC/capacity_fade/Release 1.0/G31C1.csv
673	data/NMC/capacity_fade/Release 1.0/G21C2.csv
679	data/NMC/capacity_fade/Release 1.0/G62C3.csv
685	data/NMC/capacity_fade/Release 1.0/G63C3.csv
690	data/NMC/capacity_fade/Release 1.0/G3C4.csv
696	data/NMC/capacity_fade/Release 1.0/G39C4.csv
697	data/NMC/capacity_fade/Release 1.0/G37C3.csv
703	data/NMC/capacity_fade/Release 1.0/G36C2.csv
704	data/NMC/capacity_fade/Release 1.0/G17C3.csv
71	data/NMC/capacity_fade/Release 1.0/G11C1.csv
711	data/NMC/capacity_fade/Release 1.0/G12C1.csv
715	data/NMC/capacity_fade/Release 1.0/G53C4.csv
717	data/NMC/capacity_fade/Release 1.0/G17C1.csv
717	data/NMC/capacity_fade/Release 1.0/G3C2.csv
731	data/NMC/capacity_fade/Release 1.0/G33C4.csv
731	data/NMC/capacity_fade/Release 1.0/G55C3.csv
734	data/NMC/capacity_fade/Release 1.0/G47C2.csv
737	data/NMC/capacity_fade/Release 1.0/G32C2.csv
737	data/NMC/capacity_fade/Release 1.0/G37C2.csv
751	data/NMC/capacity_fade/Release 1.0/G60C1.csv
756	data/NMC/capacity_fade/Release 1.0/G36C3.csv
760	data/NMC/capacity_fade/Release 1.0/G64C4.csv
761	data/NMC/capacity_fade/Release 1.0/G10C2.csv
768	data/NMC/capacity_fade/Release 1.0/G61C4.csv
773	data/NMC/capacity_fade/Release 1.0/G18C4.csv
773	data/NMC/capacity_fade/Release 1.0/G61C2.csv
775	data/NMC/capacity_fade/Release 1.0/G32C4.csv
781	data/NMC/capacity_fade/Release 1.0/G33C2.csv
784	data/NMC/capacity_fade/Release 1.0/G38C4.csv
787	data/NMC/capacity_fade/Release 1.0/G55C2.csv
799	data/NMC/capacity_fade/Release 1.0/G52C2.csv
802	data/NMC/capacity_fade/Release 1.0/G55C1.csv
806	data/NMC/capacity_fade/Release 1.0/G55C4.csv
808	data/NMC/capacity_fade/Release 1.0/G4C4.csv
814	data/NMC/capacity_fade/Release 1.0/G37C1.csv
822	data/NMC/capacity_fade/Release 1.0/G52C3.csv
825	data/NMC/capacity_fade/Release 1.0/G62C1.csv
832	data/NMC/capacity_fade/Release 1.0/G29C2.csv
833	data/NMC/capacity_fade/Release 1.0/G32C3.csv
844	data/NMC/capacity_fade/Release 1.0/G25C3.csv
845	data/NMC/capacity_fade/Release 1.0/G27C2.csv
846	data/NMC/capacity_fade/Release 1.0/G35C1.csv
850	data/NMC/capacity_fade/Release 1.0/G41C2.csv
853	data/NMC/capacity_fade/Release 1.0/G27C4.csv
853	data/NMC/capacity_fade/Release 1.0/G30C3.csv
858	data/NMC/capacity_fade/Release 1.0/G27C1.csv
867	data/NMC/capacity_fade/Release 1.0/G18C2.csv
882	data/NMC/capacity_fade/Release 1.0/G18C3.csv
883	data/NMC/capacity_fade/Release 1.0/G63C4.csv
889	data/NMC/capacity_fade/Release 1.0/G33C1.csv
898	data/NMC/capacity_fade/Release 1.0/G52C4.csv
899	data/NMC/capacity_fade/Release 1.0/G56C3.csv
911	data/NMC/capacity_fade/Release 1.0/G7C2.csv
927	data/NMC/capacity_fade/Release 1.0/G32C1.csv
928	data/NMC/capacity_fade/Release 1.0/G42C3.csv
930	data/NMC/capacity_fade/Release 1.0/G50C2.csv
951	data/NMC/capacity_fade/Release 1.0/G52C1.csv
955	data/NMC/capacity_fade/Release 1.0/G44C4.csv
964	data/NMC/capacity_fade/Release 1.0/G43C2.csv
968	data/NMC/capacity_fade/Release 1.0/G33C3.csv
969	data/NMC/capacity_fade/Release 1.0/G34C3.csv
982	data/NMC/capacity_fade/Release 1.0/G4C1.csv
984	data/NMC/capacity_fade/Release 1.0/G7C1.csv
987	data/NMC/capacity_fade/Release 1.0/G59C3.csv
990	data/NMC/capacity_fade/Release 1.0/G44C2.csv
994	data/NMC/capacity_fade/Release 1.0/G58C2.csv
121664	data/NMC/feature_all.csv
2819172	data/NMC/processed/others/G11C1.pkl
9239640	data/NMC/processed/others/G11C2.pkl
9257703	data/NMC/processed/others/G11C3.pkl
9607497	data/NMC/processed/others/G11C4.pkl
9587209	data/NMC/processed/others/G14C2.pkl
6473834	data/NMC/processed/others/G14C3.pkl
6248183	data/NMC/processed/others/G14C4.pkl
579276270	data/NMC/processed/others/G26C3.pkl
145428639	data/NMC/processed/others/G33C3.pkl
199722826	data/NMC/processed/others/G34C2.pkl
50258542	data/NMC/processed/others/G36C1.pkl
87867244	data/NMC/processed/others/G37C1.pkl
173736355	data/NMC/processed/others/G40C3.pkl
240727548	data/NMC/processed/others/G42C4.pkl
172341046	data/NMC/processed/others/G44C3.pkl
208444289	data/NMC/processed/others/G49C1.pkl
200384389	data/NMC/processed/others/G49C2.pkl
215776899	data/NMC/processed/others/G49C3.pkl
197572935	data/NMC/processed/others/G49C4.pkl
236608196	data/NMC/processed/others/G50C3.pkl
218820981	data/NMC/processed/others/G50C4.pkl
224400200	data/NMC/processed/others/G57C1.pkl
229605195	data/NMC/processed/others/G57C2.pkl
230654872	data/NMC/processed/others/G57C3.pkl
231199889	data/NMC/processed/others/G57C4.pkl
22541814	data/NMC/processed/others/G9C3.pkl
61204003	data/NMC/processed/test_in/G13C1.pkl
103517621	data/NMC/processed/test_in/G13C2.pkl
61946402	data/NMC/processed/test_in/G13C3.pkl
63580396	data/NMC/processed/test_in/G13C4.pkl
72899694	data/NMC/processed/test_in/G17C1.pkl
63055149	data/NMC/processed/test_in/G17C2.pkl
70749040	data/NMC/processed/test_in/G17C3.pkl
56400211	data/NMC/processed/test_in/G17C4.pkl
40695713	data/NMC/processed/test_in/G21C1.pkl
64073246	data/NMC/processed/test_in/G21C2.pkl
47619529	data/NMC/processed/test_in/G21C3.pkl
44345775	data/NMC/processed/test_in/G21C4.pkl
38206237	data/NMC/processed/test_in/G24C1.pkl
43627773	data/NMC/processed/test_in/G24C2.pkl
36131544	data/NMC/processed/test_in/G24C3.pkl
39532226	data/NMC/processed/test_in/G24C4.pkl
87911596	data/NMC/processed/test_in/G29C1.pkl
150009146	data/NMC/processed/test_in/G29C2.pkl
113118976	data/NMC/processed/test_in/G29C3.pkl
93650971	data/NMC/processed/test_in/G29C4.pkl
132644831	data/NMC/processed/test_in/G33C1.pkl
114775804	data/NMC/processed/test_in/G33C2.pkl
106088460	data/NMC/processed/test_in/G33C4.pkl
70149729	data/NMC/processed/test_in/G37C2.pkl
67868065	data/NMC/processed/test_in/G37C3.pkl
53692430	data/NMC/processed/test_in/G37C4.pkl
46138661	data/NMC/processed/test_in/G39C1.pkl
46525547	data/NMC/processed/test_in/G39C2.pkl
48705035	data/NMC/processed/test_in/G39C3.pkl
60777044	data/NMC/processed/test_in/G39C4.pkl
102538713	data/NMC/processed/test_in/G46C1.pkl
101821441	data/NMC/processed/test_in/G46C2.pkl
82518306	data/NMC/processed/test_in/G46C3.pkl
103881728	data/NMC/processed/test_in/G46C4.pkl
171474507	data/NMC/processed/test_in/G56C1.pkl
159983691	data/NMC/processed/test_in/G56C2.pkl
118226402	data/NMC/processed/test_in/G56C3.pkl
148510734	data/NMC/processed/test_in/G56C4.pkl
156378885	data/NMC/processed/test_in/G58C1.pkl
112732078	data/NMC/processed/test_in/G58C2.pkl
131891293	data/NMC/processed/test_in/G58C3.pkl
132066664	data/NMC/processed/test_in/G58C4.pkl
130254065	data/NMC/processed/test_in/G61C2.pkl
63597972	data/NMC/processed/test_in/G61C3.pkl
128998247	data/NMC/processed/test_in/G61C4.pkl
64683495	data/NMC/processed/test_in/G63C1.pkl
66033167	data/NMC/processed/test_in/G63C2.pkl
105276738	data/NMC/processed/test_in/G63C3.pkl
138247100	data/NMC/processed/test_in/G63C4.pkl
55475540	data/NMC/processed/test_in/G64C1.pkl
59894467	data/NMC/processed/test_in/G64C2.pkl
51302053	data/NMC/processed/test_in/G64C3.pkl
120427009	data/NMC/processed/test_in/G64C4.pkl
53157180	data/NMC/processed/test_in/G8C1.pkl
60782963	data/NMC/processed/test_in/G8C2.pkl
119920429	data/NMC/processed/test_in/G8C3.pkl
105649627	data/NMC/processed/test_in/G8C4.pkl
19469016	data/NMC/processed/test_in/G9C1.pkl
19588910	data/NMC/processed/test_in/G9C2.pkl
21262378	data/NMC/processed/test_in/G9C4.pkl
79628718	data/NMC/processed/test_out/G12C1.pkl
40022055	data/NMC/processed/test_out/G12C2.pkl
68115405	data/NMC/processed/test_out/G12C3.pkl
121353081	data/NMC/processed/test_out/G12C4.pkl
349056289	data/NMC/processed/test_out/G18C1.pkl
96537171	data/NMC/processed/test_out/G18C2.pkl
98829909	data/NMC/processed/test_out/G18C3.pkl
91976185	data/NMC/processed/test_out/G18C4.pkl
266256090	data/NMC/processed/test_out/G1C1.pkl
314397462	data/NMC/processed/test_out/G1C2.pkl
349627638	data/NMC/processed/test_out/G1C3.pkl
157954105	data/NMC/processed/test_out/G1C4.pkl
233904350	data/NMC/processed/test_out/G26C1.pkl
405694945	data/NMC/processed/test_out/G26C2.pkl
328472763	data/NMC/processed/test_out/G26C4.pkl
154702868	data/NMC/processed/test_out/G32C1.pkl
117976423	data/NMC/processed/test_out/G32C2.pkl
140110999	data/NMC/processed/test_out/G32C3.pkl
123063928	data/NMC/processed/test_out/G32C4.pkl
197904690	data/NMC/processed/test_out/G34C1.pkl
178911090	data/NMC/processed/test_out/G34C3.pkl
197602323	data/NMC/processed/test_out/G34C4.pkl
214164226	data/NMC/processed/test_out/G40C1.pkl
185218214	data/NMC/processed/test_out/G40C2.pkl
221479220	data/NMC/processed/test_out/G40C4.pkl
228452936	data/NMC/processed/test_out/G42C1.pkl
224991427	data/NMC/processed/test_out/G42C2.pkl
188654701	data/NMC/processed/test_out/G42C3.pkl
243133696	data/NMC/processed/test_out/G43C1.pkl
181624804	data/NMC/processed/test_out/G43C2.pkl
241215075	data/NMC/processed/test_out/G43C3.pkl
207669203	data/NMC/processed/test_out/G43C4.pkl
105658438	data/NMC/processed/test_out/G44C1.pkl
167483342	data/NMC/processed/test_out/G44C2.pkl
156963695	data/NMC/processed/test_out/G44C4.pkl
210098866	data/NMC/processed/test_out/G50C1.pkl
168088620	data/NMC/processed/test_out/G50C2.pkl
185039986	data/NMC/processed/test_out/G54C1.pkl
212962023	data/NMC/processed/test_out/G54C2.pkl
199607578	data/NMC/processed/test_out/G54C3.pkl
168524473	data/NMC/processed/test_out/G54C4.pkl
234581320	data/NMC/processed/test_out/G59C1.pkl
222443041	data/NMC/processed/test_out/G59C2.pkl
174863674	data/NMC/processed/test_out/G59C3.pkl
210050908	data/NMC/processed/test_out/G59C4.pkl
164702014	data/NMC/processed/test_out/G6C1.pkl
266402325	data/NMC/processed/test_out/G6C2.pkl
413607092	data/NMC/processed/test_out/G6C3.pkl
280552682	data/NMC/processed/test_out/G6C4.pkl
64823014	data/NMC/processed/train/G10C1.pkl
75592472	data/NMC/processed/train/G10C2.pkl
68899692	data/NMC/processed/train/G10C3.pkl
126973268	data/NMC/processed/train/G10C4.pkl
17104762	data/NMC/processed/train/G14C1.pkl
79680691	data/NMC/processed/train/G16C1.pkl
78062932	data/NMC/processed/train/G16C2.pkl
79662509	data/NMC/processed/train/G16C3.pkl
79128181	data/NMC/processed/train/G16C4.pkl
42282886	data/NMC/processed/train/G19C1.pkl
34027765	data/NMC/processed/train/G19C2.pkl
46297118	data/NMC/processed/train/G19C3.pkl
18522211	data/NMC/processed/train/G19C4.pkl
32058048	data/NMC/processed/train/G20C1.pkl
35669339	data/NMC/processed/train/G20C2.pkl
60741039	data/NMC/processed/train/G20C3.pkl
60206720	data/NMC/processed/train/G20C4.pkl
38107004	data/NMC/processed/train/G22C1.pkl
34482843	data/NMC/processed/train/G22C2.pkl
43414190	data/NMC/processed/train/G22C3.pkl
35101107	data/NMC/processed/train/G22C4.pkl
42361852	data/NMC/processed/train/G23C1.pkl
45776501	data/NMC/processed/train/G23C2.pkl
38805135	data/NMC/processed/train/G23C3.pkl
46018569	data/NMC/processed/train/G23C4.pkl
54865936	data/NMC/processed/train/G25C1.pkl
62839759	data/NMC/processed/train/G25C2.pkl
103483071	data/NMC/processed/train/G25C3.pkl
218847358	data/NMC/processed/train/G25C4.pkl
173713917	data/NMC/processed/train/G27C1.pkl
182082052	data/NMC/processed/train/G27C2.pkl
108188082	data/NMC/processed/train/G27C3.pkl
180629053	data/NMC/processed/train/G27C4.pkl
67395640	data/NMC/processed/train/G28C1.pkl
86936022	data/NMC/processed/train/G28C2.pkl
86623083	data/NMC/processed/train/G28C3.pkl
58041587	data/NMC/processed/train/G28C4.pkl
126802973	data/NMC/processed/train/G2C1.pkl
143740486	data/NMC/processed/train/G2C2.pkl
136384734	data/NMC/processed/train/G2C3.pkl
137090126	data/NMC/processed/train/G2C4.pkl
75019890	data/NMC/processed/train/G30C1.pkl
75116653	data/NMC/processed/train/G30C2.pkl
111273513	data/NMC/processed/train/G30C3.pkl
55152955	data/NMC/processed/train/G30C4.pkl
90353496	data/NMC/processed/train/G31C1.pkl
80359085	data/NMC/processed/train/G31C2.pkl
77938045	data/NMC/processed/train/G31C3.pkl
81962524	data/NMC/processed/train/G31C4.pkl
76495829	data/NMC/processed/train/G35C1.pkl
27276149	data/NMC/processed/train/G35C2.pkl
49197167	data/NMC/processed/train/G35C3.pkl
38702318	data/NMC/processed/train/G35C4.pkl
56860896	data/NMC/processed/train/G36C2.pkl
70776497	data/NMC/processed/train/G36C3.pkl
24279412	data/NMC/processed/train/G36C4.pkl
45163598	data/NMC/processed/train/G38C1.pkl
35818639	data/NMC/processed/train/G38C2.pkl
55057931	data/NMC/processed/train/G38C3.pkl
65640464	data/NMC/processed/train/G38C4.pkl
143707325	data/NMC/processed/train/G3C1.pkl
90073684	data/NMC/processed/train/G3C2.pkl
131129853	data/NMC/processed/train/G3C3.pkl
90044280	data/NMC/processed/train/G3C4.pkl
237246754	data/NMC/processed/train/G41C1.pkl
138346450	data/NMC/processed/train/G41C2.pkl
199251893	data/NMC/processed/train/G41C3.pkl
200408481	data/NMC/processed/train/G41C4.pkl
91776687	data/NMC/processed/train/G45C1.pkl
104594109	data/NMC/processed/train/G45C2.pkl
101887339	data/NMC/processed/train/G45C3.pkl
89827212	data/NMC/processed/train/G45C4.pkl
91146468	data/NMC/processed/train/G47C1.pkl
130846428	data/NMC/processed/train/G47C2.pkl
96358708	data/NMC/processed/train/G47C3.pkl
90262144	data/NMC/processed/train/G47C4.pkl
77316705	data/NMC/processed/train/G48C1.pkl
86105805	data/NMC/processed/train/G48C2.pkl
97684177	data/NMC/processed/train/G48C3.pkl
78452922	data/NMC/processed/train/G48C4.pkl
107156208	data/NMC/processed/train/G4C1.pkl
111200925	data/NMC/processed/train/G4C2.pkl
123652585	data/NMC/processed/train/G4C3.pkl
84442021	data/NMC/processed/train/G4C4.pkl
95631920	data/NMC/processed/train/G51C1.pkl
102323391	data/NMC/processed/train/G51C2.pkl
87807857	data/NMC/processed/train/G51C3.pkl
101778638	data/NMC/processed/train/G51C4.pkl
123252305	data/NMC/processed/train/G52C1.pkl
102650237	data/NMC/processed/train/G52C2.pkl
96835963	data/NMC/processed/train/G52C3.pkl
103814869	data/NMC/processed/train/G52C4.pkl
24576277	data/NMC/processed/train/G53C1.pkl
30010127	data/NMC/processed/train/G53C2.pkl
30624840	data/NMC/processed/train/G53C3.pkl
87823237	data/NMC/processed/train/G53C4.pkl
155996056	data/NMC/processed/train/G55C1.pkl
154022558	data/NMC/processed/train/G55C2.pkl
137202525	data/NMC/processed/train/G55C3.pkl
157631525	data/NMC/processed/train/G55C4.pkl
53572301	data/NMC/processed/train/G5C1.pkl
70289963	data/NMC/processed/train/G5C2.pkl
60243595	data/NMC/processed/train/G5C3.pkl
38626744	data/NMC/processed/train/G5C4.pkl
120960801	data/NMC/processed/train/G60C1.pkl
92629709	data/NMC/processed/train/G60C2.pkl
88973644	data/NMC/processed/train/G60C3.pkl
102752361	data/NMC/processed/train/G60C4.pkl
143620395	data/NMC/processed/train/G62C1.pkl
106608382	data/NMC/processed/train/G62C2.pkl
123374390	data/NMC/processed/train/G62C3.pkl
77535588	data/NMC/processed/train/G62C4.pkl
108399652	data/NMC/processed/train/G7C1.pkl
96957779	data/NMC/processed/train/G7C2.pkl
285735059	data/NMC/processed/train/G7C3.pkl
118469812	data/NMC/processed/train/G7C4.pkl
4625	data/NMC/rul_dict.json
30840	data/NMC/test_in.csv
25451	data/NMC/test_out.csv
62829	data/NMC/training.csv
1258	data/cluster_group_detail.json
1292	data/cluster_group_detail_10.json
1156	data/cluster_group_detail_2.json
1190	data/cluster_group_detail_4.json
1224	data/cluster_group_detail_6.json
1258	data/cluster_group_detail_8.json
954	data/clusters.pkl
1083	data/clusters_10.pkl
568	data/clusters_2.pkl
699	data/clusters_4.pkl
827	data/clusters_6.pkl
955	data/clusters_8.pkl
4595	data/date_tag2temp.json
1423	data/feature_importance_kneepoint.csv
23207	data/feature_importance_rul.csv
1475	data/feature_importance_xps.csv
25726350444	data/processed_data.pkl
12277149	data/raw/0131-2_6.pkl
13486396	data/raw/0131-2_7.pkl
12391393	data/raw/0131-2_8.pkl
14227735	data/raw/0131-3_2.pkl
16037563	data/raw/0131-3_3.pkl
17613070	data/raw/0131-3_4.pkl
18176796	data/raw/0131-3_5.pkl
11163556	data/raw/0131-3_6.pkl
13520652	data/raw/0201-1_1.pkl
15302441	data/raw/0201-1_2.pkl
15247922	data/raw/0201-1_3.pkl
15918163	data/raw/0201-1_4.pkl
16461735	data/raw/0201-1_5.pkl
16518793	data/raw/0201-1_6.pkl
17212419	data/raw/0201-1_7.pkl
14566647	data/raw/0201-1_8.pkl
15926927	data/raw/0201-2_1.pkl
16333936	data/raw/0201-2_2.pkl
14423724	data/raw/0201-2_3.pkl
12740027	data/raw/0201-2_4.pkl
20957520	data/raw/0201-2_6.pkl
24721077	data/raw/0201-2_7.pkl
24055276	data/raw/0201-2_8.pkl
21212666	data/raw/0201-3_1.pkl
16590858	data/raw/0201-3_2.pkl
23860384	data/raw/0201-3_3.pkl
27334685	data/raw/0201-3_4.pkl
24986077	data/raw/0201-3_5.pkl
22137983	data/raw/0201-3_6.pkl
33132259	data/raw/0202-1_1.pkl
33076985	data/raw/0202-1_2.pkl
21477169	data/raw/0202-1_3.pkl
36593068	data/raw/0202-1_4.pkl
36589430	data/raw/0202-1_5.pkl
70882837	data/raw/0202-1_6.pkl
40453734	data/raw/0202-1_7.pkl
44401767	data/raw/0202-1_8.pkl
43246212	data/raw/0202-2_1.pkl
36607160	data/raw/0202-2_2.pkl
35661649	data/raw/0202-2_3.pkl
42325245	data/raw/0202-2_4.pkl
50166871	data/raw/0202-2_6.pkl
62078169	data/raw/0202-2_7.pkl
57573451	data/raw/0202-2_8.pkl
52773632	data/raw/0202-3_1.pkl
64089097	data/raw/0202-3_2.pkl
70342429	data/raw/0202-3_3.pkl
72021334	data/raw/0202-3_4.pkl
68817578	data/raw/0202-3_5.pkl
57092651	data/raw/0202-3_6.pkl
142678347	data/raw/0829-4_1.pkl
81269539	data/raw/0829-4_2.pkl
83142263	data/raw/0829-4_3.pkl
98157619	data/raw/0829-4_4.pkl
83464938	data/raw/0829-4_5.pkl
86448174	data/raw/0829-4_6.pkl
162595223	data/raw/0829-4_7.pkl
113510800	data/raw/0829-4_8.pkl
192802518	data/raw/0829-5_1.pkl
132526378	data/raw/0829-5_2.pkl
178059633	data/raw/0829-5_3.pkl
156044251	data/raw/0829-5_4.pkl
164400321	data/raw/0829-5_5.pkl
153447306	data/raw/0829-5_6.pkl
165963507	data/raw/0829-5_7.pkl
189291970	data/raw/0829-5_8.pkl
212859107	data/raw/0829-6_1.pkl
210717264	data/raw/0829-6_2.pkl
206720230	data/raw/0829-6_3.pkl
185428108	data/raw/0829-6_4.pkl
195842191	data/raw/0909-1_1.pkl
191338232	data/raw/0909-1_2.pkl
183884474	data/raw/0909-1_3.pkl
177190847	data/raw/0909-1_4.pkl
193135092	data/raw/0909-1_5.pkl
188258279	data/raw/0909-1_6.pkl
191528885	data/raw/0909-1_7.pkl
177061589	data/raw/0909-2_1.pkl
172146598	data/raw/0909-2_2.pkl
192135821	data/raw/0909-2_3.pkl
175666354	data/raw/0909-2_4.pkl
182951542	data/raw/0909-2_6.pkl
167303902	data/raw/0909-2_7.pkl
170156297	data/raw/0909-3_1.pkl
169912607	data/raw/0909-3_2.pkl
168761573	data/raw/0909-3_3.pkl
176157174	data/raw/0909-3_4.pkl
169917953	data/raw/0909-3_5.pkl
160666148	data/raw/0909-3_6.pkl
164866364	data/raw/1013-4_1.pkl
109018796	data/raw/1013-4_2.pkl
140351449	data/raw/1013-4_3.pkl
170681021	data/raw/1013-4_4.pkl
136736165	data/raw/1013-4_5.pkl
89211452	data/raw/1013-4_6.pkl
102844926	data/raw/1013-4_7.pkl
105192760	data/raw/1013-4_8.pkl
151305713	data/raw/1013-5_1.pkl
107672792	data/raw/1013-5_2.pkl
103399590	data/raw/1013-5_3.pkl
101303745	data/raw/1013-5_4.pkl
174492058	data/raw/1013-5_5.pkl
108875472	data/raw/1013-5_6.pkl
100397399	data/raw/1013-5_7.pkl
112933941	data/raw/1013-5_8.pkl
97862438	data/raw/1013-6_1.pkl
139642817	data/raw/1013-6_2.pkl
121244812	data/raw/1013-6_3.pkl
143873383	data/raw/1013-6_4.pkl
97642300	data/raw/1013-6_5.pkl
8986003	data/raw/1130-1_1.pkl
8728542	data/raw/1130-1_2.pkl
9246994	data/raw/1130-1_3.pkl
9780692	data/raw/1130-1_4.pkl
9592344	data/raw/1130-1_5.pkl
7006523	data/raw/1130-1_6.pkl
3596118	data/raw/1130-1_7.pkl
9798166	data/raw/1130-1_8.pkl
9772633	data/raw/1130-2_1.pkl
9914200	data/raw/1130-2_2.pkl
9236661	data/raw/1130-2_3.pkl
9593685	data/raw/1130-2_4.pkl
9117358	data/raw/1130-2_6.pkl
9192876	data/raw/1130-2_7.pkl
8776873	data/raw/1130-2_8.pkl
9668694	data/raw/1130-3_1.pkl
7389315	data/raw/1130-3_2.pkl
8308765	data/raw/1130-3_4.pkl
8063227	data/raw/1130-3_5.pkl
9838325	data/raw/1130-3_6.pkl
191206361	data/raw/1227-4_1.pkl
149489689	data/raw/1227-4_2.pkl
173172317	data/raw/1227-4_3.pkl
180155489	data/raw/1227-4_4.pkl
179244372	data/raw/1227-4_5.pkl
179120115	data/raw/1227-4_6.pkl
195616562	data/raw/1227-4_7.pkl
183132237	data/raw/1227-4_8.pkl
181559324	data/raw/1227-5_1.pkl
175492311	data/raw/1227-5_2.pkl
181935054	data/raw/1227-5_3.pkl
178402107	data/raw/1227-5_4.pkl
159364221	data/raw/1227-5_5.pkl
169271606	data/raw/1227-5_6.pkl
175075765	data/raw/1227-5_7.pkl
174670111	data/raw/1227-5_8.pkl
174031959	data/raw/1227-6_1.pkl
172340837	data/raw/1227-6_2.pkl
179985610	data/raw/1227-6_3.pkl
176714968	data/raw/1227-6_4.pkl
179494708	data/raw/1227-6_5.pkl
194422	data/sohs.json
67553	data/sohs.pkl
259122	data/xps_data.csv
